Workbook

Sheet 학교별01.02
A1: 1/2(금) 해남군공공급식 (1/5~1/8 발주량) | C1: 유기농 백미 ( ) | E1: 유기농 찹쌀 ( ) | H1: 유기농 찹쌀현미 ( ) | I1: 유기농 현미 ( ) | J1: 유기농 귀리 ( ) | K1: 유기농 보리 ( ) | L1: 유기농 기장 ( ) | M1: 유기농 흑미 ( ) | N1: 유기농 차조 ( ) | O1: 유기농 서리태 ( ) | P1: 유기농 발아현미 ( ) | Q1: 유기농 쥐눈이콩 ( ) | R1: 유기농 수수 ( ) | S1: 소면 ( ) | T1: 중면 ( ) | U1: 칼국수 ( )
C2: 10kg | D2: 1kg | E2: 10kg | F2: 1kg | H2: 1kg | I2: 1kg | J2: 1kg | K2: 1kg | L2: 1kg | M2: 1kg | N2: 1kg | O2: 1kg | P2: 1kg | Q2: 1kg | R2: 1kg | S2: 1kg | T2: 1kg | U2: 1kg
A3: 업체 | B3: 품목별 소계 | C3: =C31+C58+C67 -> 22 | D3: =D31+D58+D67 -> 0 | E3: =E31+E58+E67 -> 0 | F3: =F31+F58+F67 -> 0 | H3: =H31+H58+H67 -> 0 | I3: =I31+I58+I67 -> 0 | J3: =J31+J58+J67 -> 2 | K3: =K31+K58+K67 -> 1 | L3: =L31+L58+L67 -> 0 | M3: =M31+M58+M67 -> 0 | N3: =N31+N58+N67 -> 0 | O3: =O31+O58+O67 -> 0 | ... U3: =U31+U58+U67 -> 0 | V3: =D3*10 -> 0 | W3: =F3*10+E3 -> 0 | X3: =SUM(H3:Q3) -> 3 | Y3: =SUM(V3:X3) -> 3
A4: 싱싱 유통 | B4: 계곡중학교
B5: 계곡초등학교
B6: 두륜중학교
B7: 마산초등학교
B8: 북일초등학교
B9: 북평중학교
B10: 북평초등학교
B11: 산이서초등학교
B12: 산이중학교
B13: 산이초등학교
B14: 삼산초등학교
B15: 옥천초등학교
B16: 우수영중학교
... B18: 해남고등학교
B19: 해남동초등학교 | J19: 2 | R19: 2
B20: 해오름유치원
B21: 현산남초등학교
B22: 현산중학교
B23: 현산초등학교
B24: 화산중학교
B25: 화산초등학교
B26: 화원고등학교
B27: 화원중학교
B28: 화원초등학교 | K28: 1
B29: 황산중학교
B30: 황산초등학교
C31: =SUM(C4:C30) -> 0 | D31: =SUM(D4:D30) -> 0 | E31: =SUM(E4:E30) -> 0 | F31: =SUM(F4:F30) -> 0 | H31: =SUM(H4:H30) -> 0 | I31: =SUM(I4:I30) -> 0 | J31: =SUM(J4:J30) -> 2 | K31: =SUM(K4:K30) -> 1 | L31: =SUM(L4:L30) -> 0 | M31: =SUM(M4:M30) -> 0 | N31: =SUM(N4:N30) -> 0 | O31: =SUM(O4:O30) -> 0 | ... U31: =SUM(U4:U30) -> 0
A32: 공공 급식 센터 | B32: 공립시등어린이집
B33: 공립한듬어린이집 | C33: 3
B34: 공립해남어린이집
B35: 공립해담어린이집
B36: 공립화원어린이집
B37: 동심어린이집
B38: 둘리어린이집
B39: 리틀어린이집
B40: 미래클유치원
B41: 벧엘특수어린이집 | C41: 2
B42: 산이어린이집 | C42: 1
B43: 색동어린이집 | C43: 2
B44: 서림어린이집
B45: 신생어린이집
B46: 아트빌어린이집
B47: 예닮어린이집 | C47: 1
B48: 예찬어린이집 | C48: 10
B49: 천진어린이집
B50: 코아루다사랑어린이집
B51: 해남복지어린이집
B52: 해남원광어린이집
B53: 해남원광유치원
B54: 화산어린이집 | C54: 3
B55: 해남제일중학교
B56: 해남중학교
B57: 해남공업고등학교
C58: =SUM(C32:C57) -> 22 | D58: =SUM(D32:D57) -> 0 | E58: =SUM(E32:E57) -> 0 | F58: =SUM(F32:F57) -> 0 | H58: =SUM(H32:H57) -> 0 | I58: =SUM(I32:I57) -> 0 | J58: =SUM(J32:J57) -> 0 | K58: =SUM(K32:K57) -> 0 | L58: =SUM(L32:L57) -> 0 | M58: =SUM(M32:M57) -> 0 | N58: =SUM(N32:N57) -> 0 | O58: =SUM(O32:O57) -> 0 | ... U58: =SUM(U32:U57) -> 0
A59: 땅끝 농협 | B59: 서정초등학교
B60: 송지고등학교
B61: 송지중학교
B62: 송지초등학교
B63: 송지중앙어린이집
B64: 송호초등학교
B65: 어란진초등학교
B66: 해남서초등학교
C67: =SUM(C59:C66) -> 0 | D67: =SUM(D59:D66) -> 0 | E67: =SUM(E59:E66) -> 0 | F67: =SUM(F59:F66) -> 0 | H67: =SUM(H59:H66) -> 0 | I67: =SUM(I59:I66) -> 0 | J67: =SUM(J59:J66) -> 0 | K67: =SUM(K59:K66) -> 0 | L67: =SUM(L59:L66) -> 0 | M67: =SUM(M59:M66) -> 0 | N67: =SUM(N59:N66) -> 0 | O67: =SUM(O59:O66) -> 0 | ... U67: =SUM(U59:U66) -> 0
A69: 단가 | C69: 41000 | D69: 4100 | E69: 55000 | F69: 5500 | H69: 5500 | I69: 4100 | J69: 6800 | K69: 5200 | L69: 20700 | M69: 6400 | N69: 18700 | O69: 21700 | P69: 8300 | Q69: 15200 | R69: 13100 | S69: 8500 | T69: 8500 | U69: 8500 | W69: =P72*0.85 -> 804950 | AA69: =P74-P72 -> 0
A70: 금액 | C70: =C69*C3 -> 902000 | D70: =D69*D3 -> 0 | E70: =E69*E3 -> 0 | F70: =F69*F3 -> 0 | H70: =H69*H3 -> 0 | I70: =I69*I3 -> 0 | J70: =J69*J3 -> 13600 | K70: =K69*K3 -> 5200 | L70: =L69*L3 -> 0 | M70: =M69*M3 -> 0 | N70: =N69*N3 -> 0 | O70: =O69*O3 -> 0 | ... U70: =U69*U3 -> 0
P72: =SUM(C70:U70) -> 947000
P74: 947000 | W74: =P74*0.85 -> 804950
C79: =C69*0.85 -> 34850 | D79: =D69*0.85 -> 3485 | E79: =E69*0.85 -> 46750 | F79: =F69*0.85 -> 4675 | H79: =H69*0.85 -> 4675 | I79: =I69*0.85 -> 3485 | J79: =J69*0.85 -> 5780 | K79: =K69*0.85 -> 4420 | L79: =L69*0.85 -> 17595 | M79: =M69*0.85 -> 5440 | N79: =N69*0.85 -> 15895 | O79: =O69*0.85 -> 18445 | ... U79: =U69*0.85 -> 7225
C80: 29500 | D80: 2950 | E80: 51000 | F80: 5100 | H80: 3600 | I80: 2950 | J80: 4000 | K80: 4200 | L80: 15000 | M80: 4500 | N80: 9500 | O80: 12000 | P80: 8000 | Q80: 12000 | R80: 8500
C81: =C79-C80 -> 5350 | D81: =D79-D80 -> 535 | E81: =E79-E80 -> -4250 | F81: =F79-F80 -> -425 | H81: =H79-H80 -> 1075 | I81: =I79-I80 -> 535 | J81: =J79-J80 -> 1780 | K81: =K79-K80 -> 220 | L81: =L79-L80 -> 2595 | M81: =M79-M80 -> 940 | N81: =N79-N80 -> 6395 | O81: =O79-O80 -> 6445 | ... R81: =R79-R80 -> 2635
C82: =C81*C3 -> 117700 | D82: =D81*D3 -> 0 | E82: =E81*E3 -> 0 | F82: =F81*F3 -> 0 | G82: =G81*G3 -> 0 | H82: =H81*H3 -> 0 | I82: =I81*I3 -> 0 | J82: =J81*J3 -> 3560 | ... R82: =R81*R3 -> 5270
P84: =SUM(C82:R82) -> 126750

Sheet 공장동01.02
A1: 1/2(금) 해남군공공급식 (1/5~1/8 발주량) | C1: 유기농 백미 천지향 ( ) | E1: 유기농 찹쌀 ( ) | H1: 급식센터 입고 | I1: 유기농 찹쌀현미 ( ) | J1: 유기농 현미 ( ) | K1: 유기농 귀리 (박태일) | L1: 유기농 보리 (김종원) | M1: 유기농 기장 (박태일) | N1: 유기농 흑미 (박태일) | O1: 유기농 차조 (신승철) | P1: 유기농 서리태 (이관) | Q1: 유기농 발아현미 (곽해용) | R1: 유기농 쥐눈이콩 (신승철) | S1: 유기농 수수 (윤영식) | T1: 소면 ( ) | U1: 중면 ( ) | V1: 칼국수면 ( )
C2: 10kg | D2: 1kg | E2: 10kg | F2: 1kg | I2: 1kg | J2: 1kg | K2: 1kg | L2: 1kg | M2: 1kg | N2: 1kg | O2: 1kg | P2: 1kg | Q2: 1kg | R2: 1kg | S2: 1kg | T2: 1kg | U2: 1kg | V2: 1kg
A3: 품목별 소계 | C3: =SUM(C4:C19) -> 22 | D3: =SUM(D4:D19) -> 0 | E3: =SUM(E4:E19) -> 0 | F3: =SUM(F4:F19) -> 0 | H3: 품목별 소계 | I3: =SUM(I4:I11) -> 0 | J3: =SUM(J4:J11) -> 0 | K3: =SUM(K4:K11) -> 2 | L3: =SUM(L4:L11) -> 1 | M3: =SUM(M4:M11) -> 0 | N3: =SUM(N4:N11) -> 0 | O3: =SUM(O4:O11) -> 0 | P3: =SUM(P4:P11) -> 0 | ... V3: =SUM(V4:V11) -> 0
A4: 싱싱유통 | C4: ='학교별01.02'!C31 -> 0 | D4: ='학교별01.02'!D31 -> 0 | E4: ='학교별01.02'!E31 -> 0 | F4: ='학교별01.02'!F31 -> 0 | H4: 싱싱유통 | I4: ='학교별01.02'!H31 -> 0 | J4: ='학교별01.02'!I31 -> 0 | K4: ='학교별01.02'!J31 -> 2 | L4: ='학교별01.02'!K31 -> 1 | M4: ='학교별01.02'!L31 -> 0 | N4: ='학교별01.02'!M31 -> 0 | O4: ='학교별01.02'!N31 -> 0 | P4: ='학교별01.02'!O31 -> 0 | ... V4: ='학교별01.02'!U31 -> 0
A7: 공공급식센터 | C7: ='학교별01.02'!C58 -> 22 | D7: ='학교별01.02'!D58 -> 0 | E7: ='학교별01.02'!E58 -> 0 | F7: ='학교별01.02'!F58 -> 0 | H7: 급식센터 | I7: ='학교별01.02'!H58 -> 0 | J7: ='학교별01.02'!I58 -> 0 | K7: ='학교별01.02'!J58 -> 0 | L7: ='학교별01.02'!K58 -> 0 | M7: ='학교별01.02'!L58 -> 0 | N7: ='학교별01.02'!M58 -> 0 | O7: ='학교별01.02'!N58 -> 0 | P7: ='학교별01.02'!O58 -> 0 | ... V7: ='학교별01.02'!U58 -> 0
A10: 땅끝농협 | C10: ='학교별01.02'!C67 -> 0 | D10: ='학교별01.02'!D67 -> 0 | E10: ='학교별01.02'!E67 -> 0 | F10: ='학교별01.02'!F67 -> 0 | H10: 땅끝농협 | I10: ='학교별01.02'!H67 -> 0 | J10: ='학교별01.02'!I67 -> 0 | K10: ='학교별01.02'!J67 -> 0 | L10: ='학교별01.02'!K67 -> 0 | M10: ='학교별01.02'!L67 -> 0 | N10: ='학교별01.02'!M67 -> 0 | O10: ='학교별01.02'!N67 -> 0 | P10: ='학교별01.02'!O67 -> 0 | ... V10: ='학교별01.02'!U67 -> 0

Sheet 학교별01.09
A1: 1/9(금) 해남군공공급식 (1/12~1/16 발주량) | C1: 유기농 백미 ( ) | E1: 유기농 찹쌀 ( ) | H1: 유기농 찹쌀현미 ( ) | I1: 유기농 현미 ( ) | J1: 유기농 귀리 ( ) | K1: 유기농 보리 ( ) | L1: 유기농 기장 ( ) | M1: 유기농 흑미 ( ) | N1: 유기농 차조 ( ) | O1: 유기농 서리태 ( ) | P1: 유기농 발아현미 ( ) | Q1: 유기농 쥐눈이콩 ( ) | R1: 유기농 수수 ( ) | S1: 소면 ( ) | T1: 중면 ( ) | U1: 칼국수 ( )
C2: 10kg | D2: 1kg | E2: 10kg | F2: 1kg | H2: 1kg | I2: 1kg | J2: 1kg | K2: 1kg | L2: 1kg | M2: 1kg | N2: 1kg | O2: 1kg | P2: 1kg | Q2: 1kg | R2: 1kg | S2: 1kg | T2: 1kg | U2: 1kg
A3: 업체 | B3: 품목별 소계 | C3: =C31+C58+C67 -> 5 | D3: =D31+D58+D67 -> 0 | E3: =E31+E58+E67 -> 0 | F3: =F31+F58+F67 -> 0 | H3: =H31+H58+H67 -> 0 | I3: =I31+I58+I67 -> 0 | J3: =J31+J58+J67 -> 0 | K3: =K31+K58+K67 -> 0 | L3: =L31+L58+L67 -> 0 | M3: =M31+M58+M67 -> 0 | N3: =N31+N58+N67 -> 0 | O3: =O31+O58+O67 -> 0 | ... U3: =U31+U58+U67 -> 0 | V3: =D3*10 -> 0 | W3: =F3*10+E3 -> 0 | X3: =SUM(H3:Q3) -> 0 | Y3: =SUM(V3:X3) -> 0
A4: 싱싱 유통 | B4: 계곡중학교
B5: 계곡초등학교
B6: 두륜중학교
B7: 마산초등학교
B8: 북일초등학교
B9: 북평중학교
B10: 북평초등학교
B11: 산이서초등학교
B12: 산이중학교
B13: 산이초등학교
B14: 삼산초등학교
B15: 옥천초등학교
B16: 우수영중학교
... B19: 해남동초등학교
B20: 해오름유치원 | R20: 1
B21: 현산남초등학교
B22: 현산중학교
B23: 현산초등학교
B24: 화산중학교
B25: 화산초등학교
B26: 화원고등학교
B27: 화원중학교
B28: 화원초등학교
B29: 황산중학교
B30: 황산초등학교
C31: =SUM(C4:C30) -> 0 | D31: =SUM(D4:D30) -> 0 | E31: =SUM(E4:E30) -> 0 | F31: =SUM(F4:F30) -> 0 | H31: =SUM(H4:H30) -> 0 | I31: =SUM(I4:I30) -> 0 | J31: =SUM(J4:J30) -> 0 | K31: =SUM(K4:K30) -> 0 | L31: =SUM(L4:L30) -> 0 | M31: =SUM(M4:M30) -> 0 | N31: =SUM(N4:N30) -> 0 | O31: =SUM(O4:O30) -> 0 | ... U31: =SUM(U4:U30) -> 0
A32: 공공 급식 센터 | B32: 공립시등어린이집
B33: 공립한듬어린이집
B34: 공립해남어린이집
B35: 공립해담어린이집
B36: 공립화원어린이집
B37: 동심어린이집
B38: 둘리어린이집
B39: 리틀어린이집
B40: 미래클유치원
B41: 벧엘특수어린이집 | C41: 1
B42: 산이어린이집 | C42: 1
B43: 색동어린이집 | C43: 2
B44: 서림어린이집
B45: 신생어린이집
B46: 아트빌어린이집
B47: 예닮어린이집 | C47: 1
B48: 예찬어린이집
B49: 천진어린이집
B50: 코아루다사랑어린이집
B51: 해남복지어린이집
B52: 해남원광어린이집
B53: 해남원광유치원
B54: 화산어린이집
B55: 해남제일중학교
B56: 해남중학교
B57: 해남공업고등학교
C58: =SUM(C32:C57) -> 5 | D58: =SUM(D32:D57) -> 0 | E58: =SUM(E32:E57) -> 0 | F58: =SUM(F32:F57) -> 0 | H58: =SUM(H32:H57) -> 0 | I58: =SUM(I32:I57) -> 0 | J58: =SUM(J32:J57) -> 0 | K58: =SUM(K32:K57) -> 0 | L58: =SUM(L32:L57) -> 0 | M58: =SUM(M32:M57) -> 0 | N58: =SUM(N32:N57) -> 0 | O58: =SUM(O32:O57) -> 0 | ... U58: =SUM(U32:U57) -> 0
A59: 땅끝 농협 | B59: 서정초등학교
B60: 송지고등학교
B61: 송지중학교
B62: 송지초등학교
B63: 송지중앙어린이집
B64: 송호초등학교
B65: 어란진초등학교
B66: 해남서초등학교
C67: =SUM(C59:C66) -> 0 | D67: =SUM(D59:D66) -> 0 | E67: =SUM(E59:E66) -> 0 | F67: =SUM(F59:F66) -> 0 | H67: =SUM(H59:H66) -> 0 | I67: =SUM(I59:I66) -> 0 | J67: =SUM(J59:J66) -> 0 | K67: =SUM(K59:K66) -> 0 | L67: =SUM(L59:L66) -> 0 | M67: =SUM(M59:M66) -> 0 | N67: =SUM(N59:N66) -> 0 | O67: =SUM(O59:O66) -> 0 | ... U67: =SUM(U59:U66) -> 0
A69: 단가 | C69: 41000 | D69: 4100 | E69: 55000 | F69: 5500 | H69: 5500 | I69: 4100 | J69: 6800 | K69: 5200 | L69: 20700 | M69: 6400 | N69: 18700 | O69: 21700 | P69: 8300 | Q69: 15200 | R69: 13100 | S69: 8500 | T69: 8500 | U69: 8500 | W69: =P72*0.85 -> 185385 | AA69: =P74-P72 -> 0
A70: 금액 | C70: =C69*C3 -> 205000 | D70: =D69*D3 -> 0 | E70: =E69*E3 -> 0 | F70: =F69*F3 -> 0 | H70: =H69*H3 -> 0 | I70: =I69*I3 -> 0 | J70: =J69*J3 -> 0 | K70: =K69*K3 -> 0 | L70: =L69*L3 -> 0 | M70: =M69*M3 -> 0 | N70: =N69*N3 -> 0 | O70: =O69*O3 -> 0 | ... U70: =U69*U3 -> 0
P72: =SUM(C70:U70) -> 218100
P74: 218100 | W74: =P74*0.85 -> 185385
C79: =C69*0.85 -> 34850 | D79: =D69*0.85 -> 3485 | E79: =E69*0.85 -> 46750 | F79: =F69*0.85 -> 4675 | H79: =H69*0.85 -> 4675 | I79: =I69*0.85 -> 3485 | J79: =J69*0.85 -> 5780 | K79: =K69*0.85 -> 4420 | L79: =L69*0.85 -> 17595 | M79: =M69*0.85 -> 5440 | N79: =N69*0.85 -> 15895 | O79: =O69*0.85 -> 18445 | ... U79: =U69*0.85 -> 7225
C80: 29500 | D80: 2950 | E80: 51000 | F80: 5100 | H80: 3600 | I80: 2950 | J80: 4000 | K80: 4200 | L80: 15000 | M80: 4500 | N80: 9500 | O80: 12000 | P80: 8000 | Q80: 12000 | R80: 8500
C81: =C79-C80 -> 5350 | D81: =D79-D80 -> 535 | E81: =E79-E80 -> -4250 | F81: =F79-F80 -> -425 | H81: =H79-H80 -> 1075 | I81: =I79-I80 -> 535 | J81: =J79-J80 -> 1780 | K81: =K79-K80 -> 220 | L81: =L79-L80 -> 2595 | M81: =M79-M80 -> 940 | N81: =N79-N80 -> 6395 | O81: =O79-O80 -> 6445 | ... R81: =R79-R80 -> 2635
C82: =C81*C3 -> 26750 | D82: =D81*D3 -> 0 | E82: =E81*E3 -> 0 | F82: =F81*F3 -> 0 | G82: =G81*G3 -> 0 | H82: =H81*H3 -> 0 | I82: =I81*I3 -> 0 | J82: =J81*J3 -> 0 | ... R82: =R81*R3 -> 2635
P84: =SUM(C82:R82) -> 29385

Sheet 공장동01.09
A1: 1/9(금) 해남군공공급식 (1/12~1/16 발주량) | C1: 유기농 백미 천지향 ( ) | E1: 유기농 찹쌀 ( ) | H1: 급식센터 입고 | I1: 유기농 찹쌀현미 ( ) | J1: 유기농 현미 ( ) | K1: 유기농 귀리 (박태일) | L1: 유기농 보리 (김종원) | M1: 유기농 기장 (박태일) | N1: 유기농 흑미 (박태일) | O1: 유기농 차조 (신승철) | P1: 유기농 서리태 (이관) | Q1: 유기농 발아현미 (곽해용) | R1: 유기농 쥐눈이콩 (신승철) | S1: 유기농 수수 (윤영식) | T1: 소면 ( ) | U1: 중면 ( ) | V1: 칼국수면 ( )
C2: 10kg | D2: 1kg | E2: 10kg | F2: 1kg | I2: 1kg | J2: 1kg | K2: 1kg | L2: 1kg | M2: 1kg | N2: 1kg | O2: 1kg | P2: 1kg | Q2: 1kg | R2: 1kg | S2: 1kg | T2: 1kg | U2: 1kg | V2: 1kg
A3: 품목별 소계 | C3: =SUM(C4:C19) -> 5 | D3: =SUM(D4:D19) -> 0 | E3: =SUM(E4:E19) -> 0 | F3: =SUM(F4:F19) -> 0 | H3: 품목별 소계 | I3: =SUM(I4:I11) -> 0 | J3: =SUM(J4:J11) -> 0 | K3: =SUM(K4:K11) -> 0 | L3: =SUM(L4:L11) -> 0 | M3: =SUM(M4:M11) -> 0 | N3: =SUM(N4:N11) -> 0 | O3: =SUM(O4:O11) -> 0 | P3: =SUM(P4:P11) -> 0 | ... V3: =SUM(V4:V11) -> 0
A4: 싱싱유통 | C4: ='학교별01.09'!C31 -> 0 | D4: ='학교별01.09'!D31 -> 0 | E4: ='학교별01.09'!E31 -> 0 | F4: ='학교별01.09'!F31 -> 0 | H4: 싱싱유통 | I4: ='학교별01.09'!H31 -> 0 | J4: ='학교별01.09'!I31 -> 0 | K4: ='학교별01.09'!J31 -> 0 | L4: ='학교별01.09'!K31 -> 0 | M4: ='학교별01.09'!L31 -> 0 | N4: ='학교별01.09'!M31 -> 0 | O4: ='학교별01.09'!N31 -> 0 | P4: ='학교별01.09'!O31 -> 0 | ... V4: ='학교별01.09'!U31 -> 0
A7: 공공급식센터 | C7: ='학교별01.09'!C58 -> 5 | D7: ='학교별01.09'!D58 -> 0 | E7: ='학교별01.09'!E58 -> 0 | F7: ='학교별01.09'!F58 -> 0 | H7: 급식센터 | I7: ='학교별01.09'!H58 -> 0 | J7: ='학교별01.09'!I58 -> 0 | K7: ='학교별01.09'!J58 -> 0 | L7: ='학교별01.09'!K58 -> 0 | M7: ='학교별01.09'!L58 -> 0 | N7: ='학교별01.09'!M58 -> 0 | O7: ='학교별01.09'!N58 -> 0 | P7: ='학교별01.09'!O58 -> 0 | ... V7: ='학교별01.09'!U58 -> 0
A10: 땅끝농협 | C10: ='학교별01.09'!C67 -> 0 | D10: ='학교별01.09'!D67 -> 0 | E10: ='학교별01.09'!E67 -> 0 | F10: ='학교별01.09'!F67 -> 0 | H10: 땅끝농협 | I10: ='학교별01.09'!H67 -> 0 | J10: ='학교별01.09'!I67 -> 0 | K10: ='학교별01.09'!J67 -> 0 | L10: ='학교별01.09'!K67 -> 0 | M10: ='학교별01.09'!L67 -> 0 | N10: ='학교별01.09'!M67 -> 0 | O10: ='학교별01.09'!N67 -> 0 | P10: ='학교별01.09'!O67 -> 0 | ... V10: ='학교별01.09'!U67 -> 0

Sheet 학교별01.16
A1: 1/16(금) 해남군공공급식 (1/19~1/23 발주량) | C1: 유기농 백미 ( ) | E1: 유기농 찹쌀 ( ) | H1: 유기농 찹쌀현미 ( ) | I1: 유기농 현미 ( ) | J1: 유기농 귀리 ( ) | K1: 유기농 보리 ( ) | L1: 유기농 기장 ( ) | M1: 유기농 흑미 ( ) | N1: 유기농 차조 ( ) | O1: 유기농 서리태 ( ) | P1: 유기농 발아현미 ( ) | Q1: 유기농 쥐눈이콩 ( ) | R1: 유기농 수수 ( ) | S1: 소면 ( ) | T1: 중면 ( ) | U1: 칼국수 ( )
C2: 10kg | D2: 1kg | E2: 10kg | F2: 1kg | H2: 1kg | I2: 1kg | J2: 1kg | K2: 1kg | L2: 1kg | M2: 1kg | N2: 1kg | O2: 1kg | P2: 1kg | Q2: 1kg | R2: 1kg | S2: 1kg | T2: 1kg | U2: 1kg
A3: 업체 | B3: 품목별 소계 | C3: =C31+C58+C67 -> 9 | D3: =D31+D58+D67 -> 0 | E3: =E31+E58+E67 -> 0 | F3: =F31+F58+F67 -> 0 | H3: =H31+H58+H67 -> 0 | I3: =I31+I58+I67 -> 0 | J3: =J31+J58+J67 -> 0 | K3: =K31+K58+K67 -> 1 | L3: =L31+L58+L67 -> 0 | M3: =M31+M58+M67 -> 0 | N3: =N31+N58+N67 -> 0 | O3: =O31+O58+O67 -> 0 | ... U3: =U31+U58+U67 -> 0 | V3: =D3*10 -> 0 | W3: =F3*10+E3 -> 0 | X3: =SUM(H3:Q3) -> 1 | Y3: =SUM(V3:X3) -> 1
A4: 싱싱 유통 | B4: 계곡중학교
B5: 계곡초등학교
B6: 두륜중학교
B7: 마산초등학교
B8: 북일초등학교
B9: 북평중학교
B10: 북평초등학교
B11: 산이서초등학교
B12: 산이중학교
B13: 산이초등학교
B14: 삼산초등학교
B15: 옥천초등학교
B16: 우수영중학교
... B19: 해남동초등학교
B20: 해오름유치원 | K20: 1
B21: 현산남초등학교
B22: 현산중학교
B23: 현산초등학교
B24: 화산중학교
B25: 화산초등학교
B26: 화원고등학교
B27: 화원중학교
B28: 화원초등학교
B29: 황산중학교
B30: 황산초등학교
C31: =SUM(C4:C30) -> 0 | D31: =SUM(D4:D30) -> 0 | E31: =SUM(E4:E30) -> 0 | F31: =SUM(F4:F30) -> 0 | H31: =SUM(H4:H30) -> 0 | I31: =SUM(I4:I30) -> 0 | J31: =SUM(J4:J30) -> 0 | K31: =SUM(K4:K30) -> 1 | L31: =SUM(L4:L30) -> 0 | M31: =SUM(M4:M30) -> 0 | N31: =SUM(N4:N30) -> 0 | O31: =SUM(O4:O30) -> 0 | ... U31: =SUM(U4:U30) -> 0
A32: 공공 급식 센터 | B32: 공립시등어린이집
B33: 공립한듬어린이집 | C33: 3
B34: 공립해남어린이집
B35: 공립해담어린이집
B36: 공립화원어린이집
B37: 동심어린이집
B38: 둘리어린이집
B39: 리틀어린이집
B40: 미래클유치원
B41: 벧엘특수어린이집 | C41: 2
B42: 산이어린이집 | C42: 1
B43: 색동어린이집 | C43: 2
B44: 서림어린이집
B45: 신생어린이집
B46: 아트빌어린이집
B47: 예닮어린이집 | C47: 1
B48: 예찬어린이집
B49: 천진어린이집
B50: 코아루다사랑어린이집
B51: 해남복지어린이집
B52: 해남원광어린이집
B53: 해남원광유치원
B54: 화산어린이집
B55: 해남제일중학교
B56: 해남중학교
B57: 해남공업고등학교
C58: =SUM(C32:C57) -> 9 | D58: =SUM(D32:D57) -> 0 | E58: =SUM(E32:E57) -> 0 | F58: =SUM(F32:F57) -> 0 | H58: =SUM(H32:H57) -> 0 | I58: =SUM(I32:I57) -> 0 | J58: =SUM(J32:J57) -> 0 | K58: =SUM(K32:K57) -> 0 | L58: =SUM(L32:L57) -> 0 | M58: =SUM(M32:M57) -> 0 | N58: =SUM(N32:N57) -> 0 | O58: =SUM(O32:O57) -> 0 | ... U58: =SUM(U32:U57) -> 0
A59: 땅끝 농협 | B59: 서정초등학교
B60: 송지고등학교
B61: 송지중학교
B62: 송지초등학교
B63: 송지중앙어린이집
B64: 송호초등학교
B65: 어란진초등학교
B66: 해남서초등학교
C67: =SUM(C59:C66) -> 0 | D67: =SUM(D59:D66) -> 0 | E67: =SUM(E59:E66) -> 0 | F67: =SUM(F59:F66) -> 0 | H67: =SUM(H59:H66) -> 0 | I67: =SUM(I59:I66) -> 0 | J67: =SUM(J59:J66) -> 0 | K67: =SUM(K59:K66) -> 0 | L67: =SUM(L59:L66) -> 0 | M67: =SUM(M59:M66) -> 0 | N67: =SUM(N59:N66) -> 0 | O67: =SUM(O59:O66) -> 0 | ... U67: =SUM(U59:U66) -> 0
A69: 단가 | C69: 41000 | D69: 4100 | E69: 55000 | F69: 5500 | H69: 5500 | I69: 4100 | J69: 6800 | K69: 5200 | L69: 20700 | M69: 6400 | N69: 18700 | O69: 21700 | P69: 8300 | Q69: 15200 | R69: 13100 | S69: 8500 | T69: 8500 | U69: 8500 | W69: =P72*0.85 -> 318070 | AA69: =P74-P72 -> 0
A70: 금액 | C70: =C69*C3 -> 369000 | D70: =D69*D3 -> 0 | E70: =E69*E3 -> 0 | F70: =F69*F3 -> 0 | H70: =H69*H3 -> 0 | I70: =I69*I3 -> 0 | J70: =J69*J3 -> 0 | K70: =K69*K3 -> 5200 | L70: =L69*L3 -> 0 | M70: =M69*M3 -> 0 | N70: =N69*N3 -> 0 | O70: =O69*O3 -> 0 | ... U70: =U69*U3 -> 0
P72: =SUM(C70:U70) -> 374200
P74: 374200 | W74: =P74*0.85 -> 318070
C79: =C69*0.85 -> 34850 | D79: =D69*0.85 -> 3485 | E79: =E69*0.85 -> 46750 | F79: =F69*0.85 -> 4675 | H79: =H69*0.85 -> 4675 | I79: =I69*0.85 -> 3485 | J79: =J69*0.85 -> 5780 | K79: =K69*0.85 -> 4420 | L79: =L69*0.85 -> 17595 | M79: =M69*0.85 -> 5440 | N79: =N69*0.85 -> 15895 | O79: =O69*0.85 -> 18445 | ... U79: =U69*0.85 -> 7225
C80: 29500 | D80: 2950 | E80: 51000 | F80: 5100 | H80: 3600 | I80: 2950 | J80: 4000 | K80: 4200 | L80: 15000 | M80: 4500 | N80: 9500 | O80: 12000 | P80: 8000 | Q80: 12000 | R80: 8500
C81: =C79-C80 -> 5350 | D81: =D79-D80 -> 535 | E81: =E79-E80 -> -4250 | F81: =F79-F80 -> -425 | H81: =H79-H80 -> 1075 | I81: =I79-I80 -> 535 | J81: =J79-J80 -> 1780 | K81: =K79-K80 -> 220 | L81: =L79-L80 -> 2595 | M81: =M79-M80 -> 940 | N81: =N79-N80 -> 6395 | O81: =O79-O80 -> 6445 | ... R81: =R79-R80 -> 2635
C82: =C81*C3 -> 48150 | D82: =D81*D3 -> 0 | E82: =E81*E3 -> 0 | F82: =F81*F3 -> 0 | G82: =G81*G3 -> 0 | H82: =H81*H3 -> 0 | I82: =I81*I3 -> 0 | J82: =J81*J3 -> 0 | ... R82: =R81*R3 -> 0
P84: =SUM(C82:R82) -> 48370

Sheet 공장동01.16
A1: 1/16(금) 해남군공공급식 (1/19~1/23 발주량) | C1: 유기농 백미 천지향 ( ) | E1: 유기농 찹쌀 ( ) | H1: 급식센터 입고 | I1: 유기농 찹쌀현미 ( ) | J1: 유기농 현미 ( ) | K1: 유기농 귀리 (박태일) | L1: 유기농 보리 (김종원) | M1: 유기농 기장 (박태일) | N1: 유기농 흑미 (박태일) | O1: 유기농 차조 (신승철) | P1: 유기농 서리태 (이관) | Q1: 유기농 발아현미 (곽해용) | R1: 유기농 쥐눈이콩 (신승철) | S1: 유기농 수수 (윤영식) | T1: 소면 ( ) | U1: 중면 ( ) | V1: 칼국수면 ( )
C2: 10kg | D2: 1kg | E2: 10kg | F2: 1kg | I2: 1kg | J2: 1kg | K2: 1kg | L2: 1kg | M2: 1kg | N2: 1kg | O2: 1kg | P2: 1kg | Q2: 1kg | R2: 1kg | S2: 1kg | T2: 1kg | U2: 1kg | V2: 1kg
A3: 품목별 소계 | C3: =SUM(C4:C19) -> 9 | D3: =SUM(D4:D19) -> 0 | E3: =SUM(E4:E19) -> 0 | F3: =SUM(F4:F19) -> 0 | H3: 품목별 소계 | I3: =SUM(I4:I11) -> 0 | J3: =SUM(J4:J11) -> 0 | K3: =SUM(K4:K11) -> 0 | L3: =SUM(L4:L11) -> 1 | M3: =SUM(M4:M11) -> 0 | N3: =SUM(N4:N11) -> 0 | O3: =SUM(O4:O11) -> 0 | P3: =SUM(P4:P11) -> 0 | ... V3: =SUM(V4:V11) -> 0
A4: 싱싱유통 | C4: ='학교별01.16'!C31 -> 0 | D4: ='학교별01.16'!D31 -> 0 | E4: ='학교별01.16'!E31 -> 0 | F4: ='학교별01.16'!F31 -> 0 | H4: 싱싱유통 | I4: ='학교별01.16'!H31 -> 0 | J4: ='학교별01.16'!I31 -> 0 | K4: ='학교별01.16'!J31 -> 0 | L4: ='학교별01.16'!K31 -> 1 | M4: ='학교별01.16'!L31 -> 0 | N4: ='학교별01.16'!M31 -> 0 | O4: ='학교별01.16'!N31 -> 0 | P4: ='학교별01.16'!O31 -> 0 | ... V4: ='학교별01.16'!U31 -> 0
A7: 공공급식센터 | C7: ='학교별01.16'!C58 -> 9 | D7: ='학교별01.16'!D58 -> 0 | E7: ='학교별01.16'!E58 -> 0 | F7: ='학교별01.16'!F58 -> 0 | H7: 급식센터 | I7: ='학교별01.16'!H58 -> 0 | J7: ='학교별01.16'!I58 -> 0 | K7: ='학교별01.16'!J58 -> 0 | L7: ='학교별01.16'!K58 -> 0 | M7: ='학교별01.16'!L58 -> 0 | N7: ='학교별01.16'!M58 -> 0 | O7: ='학교별01.16'!N58 -> 0 | P7: ='학교별01.16'!O58 -> 0 | ... V7: ='학교별01.16'!U58 -> 0
A10: 땅끝농협 | C10: ='학교별01.16'!C67 -> 0 | D10: ='학교별01.16'!D67 -> 0 | E10: ='학교별01.16'!E67 -> 0 | F10: ='학교별01.16'!F67 -> 0 | H10: 땅끝농협 | I10: ='학교별01.16'!H67 -> 0 | J10: ='학교별01.16'!I67 -> 0 | K10: ='학교별01.16'!J67 -> 0 | L10: ='학교별01.16'!K67 -> 0 | M10: ='학교별01.16'!L67 -> 0 | N10: ='학교별01.16'!M67 -> 0 | O10: ='학교별01.16'!N67 -> 0 | P10: ='학교별01.16'!O67 -> 0 | ... V10: ='학교별01.16'!U67 -> 0

Sheet 학교별01.23
A1: 1/23(금) 해남군공공급식 (1/26~1/30 발주량) | C1: 유기농 백미 ( ) | E1: 유기농 찹쌀 ( ) | H1: 유기농 찹쌀현미 ( ) | I1: 유기농 현미 ( ) | J1: 유기농 귀리 ( ) | K1: 유기농 보리 ( ) | L1: 유기농 기장 ( ) | M1: 유기농 흑미 ( ) | N1: 유기농 차조 ( ) | O1: 유기농 서리태 ( ) | P1: 유기농 발아현미 ( ) | Q1: 유기농 쥐눈이콩 ( ) | R1: 유기농 수수 ( ) | S1: 소면 ( ) | T1: 중면 ( ) | U1: 칼국수 ( )
C2: 10kg | D2: 1kg | E2: 10kg | F2: 1kg | H2: 1kg | I2: 1kg | J2: 1kg | K2: 1kg | L2: 1kg | M2: 1kg | N2: 1kg | O2: 1kg | P2: 1kg | Q2: 1kg | R2: 1kg | S2: 1kg | T2: 1kg | U2: 1kg
A3: 업체 | B3: 품목별 소계 | C3: =C31+C58+C67 -> 9 | D3: =D31+D58+D67 -> 0 | E3: =E31+E58+E67 -> 0 | F3: =F31+F58+F67 -> 0 | H3: =H31+H58+H67 -> 0 | I3: =I31+I58+I67 -> 0 | J3: =J31+J58+J67 -> 1 | K3: =K31+K58+K67 -> 0 | L3: =L31+L58+L67 -> 0 | M3: =M31+M58+M67 -> 0 | N3: =N31+N58+N67 -> 1 | O3: =O31+O58+O67 -> 0 | ... U3: =U31+U58+U67 -> 0 | V3: =D3*10 -> 0 | W3: =F3*10+E3 -> 0 | X3: =SUM(H3:Q3) -> 2 | Y3: =SUM(V3:X3) -> 2
A4: 싱싱 유통 | B4: 계곡중학교
B5: 계곡초등학교
B6: 두륜중학교
B7: 마산초등학교
B8: 북일초등학교
B9: 북평중학교
B10: 북평초등학교
B11: 산이서초등학교
B12: 산이중학교
B13: 산이초등학교
B14: 삼산초등학교
B15: 옥천초등학교
B16: 우수영중학교
... B19: 해남동초등학교
B20: 해오름유치원 | J20: 1 | N20: 1
B21: 현산남초등학교
B22: 현산중학교
B23: 현산초등학교
B24: 화산중학교
B25: 화산초등학교
B26: 화원고등학교
B27: 화원중학교
B28: 화원초등학교
B29: 황산중학교
B30: 황산초등학교
C31: =SUM(C4:C30) -> 0 | D31: =SUM(D4:D30) -> 0 | E31: =SUM(E4:E30) -> 0 | F31: =SUM(F4:F30) -> 0 | H31: =SUM(H4:H30) -> 0 | I31: =SUM(I4:I30) -> 0 | J31: =SUM(J4:J30) -> 1 | K31: =SUM(K4:K30) -> 0 | L31: =SUM(L4:L30) -> 0 | M31: =SUM(M4:M30) -> 0 | N31: =SUM(N4:N30) -> 1 | O31: =SUM(O4:O30) -> 0 | ... U31: =SUM(U4:U30) -> 0
A32: 공공 급식 센터 | B32: 공립시등어린이집
B33: 공립한듬어린이집
B34: 공립해남어린이집
B35: 공립해담어린이집
B36: 공립화원어린이집
B37: 동심어린이집
B38: 둘리어린이집
B39: 리틀어린이집
B40: 미래클유치원
B41: 벧엘특수어린이집 | C41: 1
B42: 산이어린이집
B43: 색동어린이집 | C43: 2
B44: 서림어린이집
B45: 신생어린이집 | C45: 5
B46: 아트빌어린이집
B47: 예닮어린이집 | C47: 1
B48: 예찬어린이집
B49: 천진어린이집
B50: 코아루다사랑어린이집
B51: 해남복지어린이집
B52: 해남원광어린이집
B53: 해남원광유치원
B54: 화산어린이집
B55: 해남제일중학교
B56: 해남중학교
B57: 해남공업고등학교
C58: =SUM(C32:C57) -> 9 | D58: =SUM(D32:D57) -> 0 | E58: =SUM(E32:E57) -> 0 | F58: =SUM(F32:F57) -> 0 | H58: =SUM(H32:H57) -> 0 | I58: =SUM(I32:I57) -> 0 | J58: =SUM(J32:J57) -> 0 | K58: =SUM(K32:K57) -> 0 | L58: =SUM(L32:L57) -> 0 | M58: =SUM(M32:M57) -> 0 | N58: =SUM(N32:N57) -> 0 | O58: =SUM(O32:O57) -> 0 | ... U58: =SUM(U32:U57) -> 0
A59: 땅끝 농협 | B59: 서정초등학교
B60: 송지고등학교
B61: 송지중학교
B62: 송지초등학교
B63: 송지중앙어린이집
B64: 송호초등학교
B65: 어란진초등학교
B66: 해남서초등학교
C67: =SUM(C59:C66) -> 0 | D67: =SUM(D59:D66) -> 0 | E67: =SUM(E59:E66) -> 0 | F67: =SUM(F59:F66) -> 0 | H67: =SUM(H59:H66) -> 0 | I67: =SUM(I59:I66) -> 0 | J67: =SUM(J59:J66) -> 0 | K67: =SUM(K59:K66) -> 0 | L67: =SUM(L59:L66) -> 0 | M67: =SUM(M59:M66) -> 0 | N67: =SUM(N59:N66) -> 0 | O67: =SUM(O59:O66) -> 0 | ... U67: =SUM(U59:U66) -> 0
A69: 단가 | C69: 41000 | D69: 4100 | E69: 55000 | F69: 5500 | H69: 5500 | I69: 4100 | J69: 6800 | K69: 5200 | L69: 20700 | M69: 6400 | N69: 18700 | O69: 21700 | P69: 8300 | Q69: 15200 | R69: 13100 | S69: 8500 | T69: 8500 | U69: 8500 | W69: =P72*0.85 -> 335325 | AA69: =P74-P72 -> 0
A70: 금액 | C70: =C69*C3 -> 369000 | D70: =D69*D3 -> 0 | E70: =E69*E3 -> 0 | F70: =F69*F3 -> 0 | H70: =H69*H3 -> 0 | I70: =I69*I3 -> 0 | J70: =J69*J3 -> 6800 | K70: =K69*K3 -> 0 | L70: =L69*L3 -> 0 | M70: =M69*M3 -> 0 | N70: =N69*N3 -> 18700 | O70: =O69*O3 -> 0 | ... U70: =U69*U3 -> 0
P72: =SUM(C70:U70) -> 394500
P74: 394500 | W74: =P74*0.85 -> 335325
C79: =C69*0.85 -> 34850 | D79: =D69*0.85 -> 3485 | E79: =E69*0.85 -> 46750 | F79: =F69*0.85 -> 4675 | H79: =H69*0.85 -> 4675 | I79: =I69*0.85 -> 3485 | J79: =J69*0.85 -> 5780 | K79: =K69*0.85 -> 4420 | L79: =L69*0.85 -> 17595 | M79: =M69*0.85 -> 5440 | N79: =N69*0.85 -> 15895 | O79: =O69*0.85 -> 18445 | ... U79: =U69*0.85 -> 7225
C80: 29500 | D80: 2950 | E80: 51000 | F80: 5100 | H80: 3600 | I80: 2950 | J80: 4000 | K80: 4200 | L80: 15000 | M80: 4500 | N80: 9500 | O80: 12000 | P80: 8000 | Q80: 12000 | R80: 8500
C81: =C79-C80 -> 5350 | D81: =D79-D80 -> 535 | E81: =E79-E80 -> -4250 | F81: =F79-F80 -> -425 | H81: =H79-H80 -> 1075 | I81: =I79-I80 -> 535 | J81: =J79-J80 -> 1780 | K81: =K79-K80 -> 220 | L81: =L79-L80 -> 2595 | M81: =M79-M80 -> 940 | N81: =N79-N80 -> 6395 | O81: =O79-O80 -> 6445 | ... R81: =R79-R80 -> 2635
C82: =C81*C3 -> 48150 | D82: =D81*D3 -> 0 | E82: =E81*E3 -> 0 | F82: =F81*F3 -> 0 | G82: =G81*G3 -> 0 | H82: =H81*H3 -> 0 | I82: =I81*I3 -> 0 | J82: =J81*J3 -> 1780 | ... R82: =R81*R3 -> 0
P84: =SUM(C82:R82) -> 56325

Sheet 공장동01.23
A1: 1/23(금) 해남군공공급식 (1/26~1/30 발주량) | C1: 유기농 백미 천지향 ( ) | E1: 유기농 찹쌀 ( ) | H1: 급식센터 입고 | I1: 유기농 찹쌀현미 ( ) | J1: 유기농 현미 ( ) | K1: 유기농 귀리 (박태일) | L1: 유기농 보리 (김종원) | M1: 유기농 기장 (박태일) | N1: 유기농 흑미 (박태일) | O1: 유기농 차조 (신승철) | P1: 유기농 서리태 (이관) | Q1: 유기농 발아현미 (곽해용) | R1: 유기농 쥐눈이콩 (신승철) | S1: 유기농 수수 (윤영식) | T1: 소면 ( ) | U1: 중면 ( ) | V1: 칼국수면 ( )
C2: 10kg | D2: 1kg | E2: 10kg | F2: 1kg | I2: 1kg | J2: 1kg | K2: 1kg | L2: 1kg | M2: 1kg | N2: 1kg | O2: 1kg | P2: 1kg | Q2: 1kg | R2: 1kg | S2: 1kg | T2: 1kg | U2: 1kg | V2: 1kg
A3: 품목별 소계 | C3: =SUM(C4:C19) -> 9 | D3: =SUM(D4:D19) -> 0 | E3: =SUM(E4:E19) -> 0 | F3: =SUM(F4:F19) -> 0 | H3: 품목별 소계 | I3: =SUM(I4:I11) -> 0 | J3: =SUM(J4:J11) -> 0 | K3: =SUM(K4:K11) -> 1 | L3: =SUM(L4:L11) -> 0 | M3: =SUM(M4:M11) -> 0 | N3: =SUM(N4:N11) -> 0 | O3: =SUM(O4:O11) -> 1 | P3: =SUM(P4:P11) -> 0 | ... V3: =SUM(V4:V11) -> 0
A4: 싱싱유통 | C4: ='학교별01.23'!C31 -> 0 | D4: ='학교별01.23'!D31 -> 0 | E4: ='학교별01.23'!E31 -> 0 | F4: ='학교별01.23'!F31 -> 0 | H4: 싱싱유통 | I4: ='학교별01.23'!H31 -> 0 | J4: ='학교별01.23'!I31 -> 0 | K4: ='학교별01.23'!J31 -> 1 | L4: ='학교별01.23'!K31 -> 0 | M4: ='학교별01.23'!L31 -> 0 | N4: ='학교별01.23'!M31 -> 0 | O4: ='학교별01.23'!N31 -> 1 | P4: ='학교별01.23'!O31 -> 0 | ... V4: ='학교별01.23'!U31 -> 0
A7: 공공급식센터 | C7: ='학교별01.23'!C58 -> 9 | D7: ='학교별01.23'!D58 -> 0 | E7: ='학교별01.23'!E58 -> 0 | F7: ='학교별01.23'!F58 -> 0 | H7: 급식센터 | I7: ='학교별01.23'!H58 -> 0 | J7: ='학교별01.23'!I58 -> 0 | K7: ='학교별01.23'!J58 -> 0 | L7: ='학교별01.23'!K58 -> 0 | M7: ='학교별01.23'!L58 -> 0 | N7: ='학교별01.23'!M58 -> 0 | O7: ='학교별01.23'!N58 -> 0 | P7: ='학교별01.23'!O58 -> 0 | ... V7: ='학교별01.23'!U58 -> 0
A10: 땅끝농협 | C10: ='학교별01.23'!C67 -> 0 | D10: ='학교별01.23'!D67 -> 0 | E10: ='학교별01.23'!E67 -> 0 | F10: ='학교별01.23'!F67 -> 0 | H10: 땅끝농협 | I10: ='학교별01.23'!H67 -> 0 | J10: ='학교별01.23'!I67 -> 0 | K10: ='학교별01.23'!J67 -> 0 | L10: ='학교별01.23'!K67 -> 0 | M10: ='학교별01.23'!L67 -> 0 | N10: ='학교별01.23'!M67 -> 0 | O10: ='학교별01.23'!N67 -> 0 | P10: ='학교별01.23'!O67 -> 0 | ... V10: ='학교별01.23'!U67 -> 0

Sheet 학교별01.30
A1: 1/30(금) 해남군공공급식 (2/2~2/6 발주량) | C1: 유기농 백미 ( ) | E1: 유기농 찹쌀 ( ) | H1: 유기농 찹쌀현미 ( ) | I1: 유기농 현미 ( ) | J1: 유기농 귀리 ( ) | K1: 유기농 보리 ( ) | L1: 유기농 기장 ( ) | M1: 유기농 흑미 ( ) | N1: 유기농 차조 ( ) | O1: 유기농 서리태 ( ) | P1: 유기농 발아현미 ( ) | Q1: 유기농 쥐눈이콩 ( ) | R1: 유기농 수수 ( ) | S1: 소면 ( ) | T1: 중면 ( ) | U1: 칼국수 ( )
C2: 10kg | D2: 1kg | E2: 10kg | F2: 1kg | H2: 1kg | I2: 1kg | J2: 1kg | K2: 1kg | L2: 1kg | M2: 1kg | N2: 1kg | O2: 1kg | P2: 1kg | Q2: 1kg | R2: 1kg | S2: 1kg | T2: 1kg | U2: 1kg
A3: 업체 | B3: 품목별 소계 | C3: =C31+C58+C67 -> 39 | D3: =D31+D58+D67 -> 0 | E3: =E31+E58+E67 -> 0 | F3: =F31+F58+F67 -> 0 | H3: =H31+H58+H67 -> 0 | I3: =I31+I58+I67 -> 0 | J3: =J31+J58+J67 -> 0 | K3: =K31+K58+K67 -> 0 | L3: =L31+L58+L67 -> 1 | M3: =M31+M58+M67 -> 1 | N3: =N31+N58+N67 -> 0 | O3: =O31+O58+O67 -> 0 | ... U3: =U31+U58+U67 -> 0 | V3: =D3*10 -> 0 | W3: =F3*10+E3 -> 0 | X3: =SUM(H3:Q3) -> 2 | Y3: =SUM(V3:X3) -> 2
A4: 싱싱 유통 | B4: 계곡중학교
B5: 계곡초등학교
B6: 두륜중학교
B7: 마산초등학교
B8: 북일초등학교
B9: 북평중학교
B10: 북평초등학교
B11: 산이서초등학교
B12: 산이중학교
B13: 산이초등학교
B14: 삼산초등학교
B15: 옥천초등학교
B16: 우수영중학교
... B30: 황산초등학교
C31: =SUM(C4:C30) -> 0 | D31: =SUM(D4:D30) -> 0 | E31: =SUM(E4:E30) -> 0 | F31: =SUM(F4:F30) -> 0 | H31: =SUM(H4:H30) -> 0 | I31: =SUM(I4:I30) -> 0 | J31: =SUM(J4:J30) -> 0 | K31: =SUM(K4:K30) -> 0 | L31: =SUM(L4:L30) -> 0 | M31: =SUM(M4:M30) -> 0 | N31: =SUM(N4:N30) -> 0 | O31: =SUM(O4:O30) -> 0 | ... U31: =SUM(U4:U30) -> 0
A32: 공공 급식 센터 | B32: 공립시등어린이집
B33: 공립한듬어린이집 | C33: 4
B34: 공립해남어린이집 | C34: 2
B35: 공립해담어린이집
B36: 공립화원어린이집
B37: 동심어린이집 | C37: 2
B38: 둘리어린이집
B39: 리틀어린이집
B40: 미래클유치원
B41: 벧엘특수어린이집 | C41: 2
B42: 산이어린이집 | C42: 1
B43: 색동어린이집 | C43: 2
B44: 서림어린이집
B45: 신생어린이집
B46: 아트빌어린이집 | C46: 20
B47: 예닮어린이집 | C47: 1
B48: 예찬어린이집 | C48: 5 | L48: 1
B49: 천진어린이집
B50: 코아루다사랑어린이집
B51: 해남복지어린이집
B52: 해남원광어린이집
B53: 해남원광유치원
B54: 화산어린이집
B55: 해남제일중학교
B56: 해남중학교
B57: 해남공업고등학교
C58: =SUM(C32:C57) -> 39 | D58: =SUM(D32:D57) -> 0 | E58: =SUM(E32:E57) -> 0 | F58: =SUM(F32:F57) -> 0 | H58: =SUM(H32:H57) -> 0 | I58: =SUM(I32:I57) -> 0 | J58: =SUM(J32:J57) -> 0 | K58: =SUM(K32:K57) -> 0 | L58: =SUM(L32:L57) -> 1 | M58: =SUM(M32:M57) -> 0 | N58: =SUM(N32:N57) -> 0 | O58: =SUM(O32:O57) -> 0 | ... U58: =SUM(U32:U57) -> 0
A59: 땅끝 농협 | B59: 서정초등학교
B60: 송지고등학교 | M60: 1
B61: 송지중학교
B62: 송지초등학교
B63: 송지중앙어린이집
B64: 송호초등학교
B65: 어란진초등학교
B66: 해남서초등학교
C67: =SUM(C59:C66) -> 0 | D67: =SUM(D59:D66) -> 0 | E67: =SUM(E59:E66) -> 0 | F67: =SUM(F59:F66) -> 0 | H67: =SUM(H59:H66) -> 0 | I67: =SUM(I59:I66) -> 0 | J67: =SUM(J59:J66) -> 0 | K67: =SUM(K59:K66) -> 0 | L67: =SUM(L59:L66) -> 0 | M67: =SUM(M59:M66) -> 1 | N67: =SUM(N59:N66) -> 0 | O67: =SUM(O59:O66) -> 0 | ... U67: =SUM(U59:U66) -> 0
A69: 단가 | C69: 41000 | D69: 4100 | E69: 55000 | F69: 5500 | H69: 5500 | I69: 4100 | J69: 6800 | K69: 5200 | L69: 20700 | M69: 6400 | N69: 18700 | O69: 21700 | P69: 8300 | Q69: 15200 | R69: 13100 | S69: 8500 | T69: 8500 | U69: 8500 | W69: =P72*0.85 -> 1382185 | AA69: =P74-P72 -> 0
A70: 금액 | C70: =C69*C3 -> 1599000 | D70: =D69*D3 -> 0 | E70: =E69*E3 -> 0 | F70: =F69*F3 -> 0 | H70: =H69*H3 -> 0 | I70: =I69*I3 -> 0 | J70: =J69*J3 -> 0 | K70: =K69*K3 -> 0 | L70: =L69*L3 -> 20700 | M70: =M69*M3 -> 6400 | N70: =N69*N3 -> 0 | O70: =O69*O3 -> 0 | ... U70: =U69*U3 -> 0
P72: =SUM(C70:U70) -> 1626100
P74: 1626100 | W74: =P74*0.85 -> 1382185
C79: =C69*0.85 -> 34850 | D79: =D69*0.85 -> 3485 | E79: =E69*0.85 -> 46750 | F79: =F69*0.85 -> 4675 | H79: =H69*0.85 -> 4675 | I79: =I69*0.85 -> 3485 | J79: =J69*0.85 -> 5780 | K79: =K69*0.85 -> 4420 | L79: =L69*0.85 -> 17595 | M79: =M69*0.85 -> 5440 | N79: =N69*0.85 -> 15895 | O79: =O69*0.85 -> 18445 | ... U79: =U69*0.85 -> 7225
C80: 29500 | D80: 2950 | E80: 51000 | F80: 5100 | H80: 3600 | I80: 2950 | J80: 4000 | K80: 4200 | L80: 15000 | M80: 4500 | N80: 9500 | O80: 12000 | P80: 8000 | Q80: 12000 | R80: 8500
C81: =C79-C80 -> 5350 | D81: =D79-D80 -> 535 | E81: =E79-E80 -> -4250 | F81: =F79-F80 -> -425 | H81: =H79-H80 -> 1075 | I81: =I79-I80 -> 535 | J81: =J79-J80 -> 1780 | K81: =K79-K80 -> 220 | L81: =L79-L80 -> 2595 | M81: =M79-M80 -> 940 | N81: =N79-N80 -> 6395 | O81: =O79-O80 -> 6445 | ... R81: =R79-R80 -> 2635
C82: =C81*C3 -> 208650 | D82: =D81*D3 -> 0 | E82: =E81*E3 -> 0 | F82: =F81*F3 -> 0 | G82: =G81*G3 -> 0 | H82: =H81*H3 -> 0 | I82: =I81*I3 -> 0 | J82: =J81*J3 -> 0 | ... R82: =R81*R3 -> 0
P84: =SUM(C82:R82) -> 212185

Sheet 공장동01.30
A1: 1/30(금) 해남군공공급식 (2/2~2/6 발주량) | C1: 유기농 백미 천지향 ( ) | E1: 유기농 찹쌀 ( ) | H1: 급식센터 입고 | I1: 유기농 찹쌀현미 ( ) | J1: 유기농 현미 ( ) | K1: 유기농 귀리 (박태일) | L1: 유기농 보리 (김종원) | M1: 유기농 기장 (박태일) | N1: 유기농 흑미 (박태일) | O1: 유기농 차조 (신승철) | P1: 유기농 서리태 (이관) | Q1: 유기농 발아현미 (곽해용) | R1: 유기농 쥐눈이콩 (신승철) | S1: 유기농 수수 (윤영식) | T1: 소면 ( ) | U1: 중면 ( ) | V1: 칼국수면 ( )
C2: 10kg | D2: 1kg | E2: 10kg | F2: 1kg | I2: 1kg | J2: 1kg | K2: 1kg | L2: 1kg | M2: 1kg | N2: 1kg | O2: 1kg | P2: 1kg | Q2: 1kg | R2: 1kg | S2: 1kg | T2: 1kg | U2: 1kg | V2: 1kg
A3: 품목별 소계 | C3: =SUM(C4:C19) -> 39 | D3: =SUM(D4:D19) -> 0 | E3: =SUM(E4:E19) -> 0 | F3: =SUM(F4:F19) -> 0 | H3: 품목별 소계 | I3: =SUM(I4:I11) -> 0 | J3: =SUM(J4:J11) -> 0 | K3: =SUM(K4:K11) -> 0 | L3: =SUM(L4:L11) -> 0 | M3: =SUM(M4:M11) -> 1 | N3: =SUM(N4:N11) -> 1 | O3: =SUM(O4:O11) -> 0 | P3: =SUM(P4:P11) -> 0 | ... V3: =SUM(V4:V11) -> 0
A4: 싱싱유통 | C4: ='학교별01.30'!C31 -> 0 | D4: ='학교별01.30'!D31 -> 0 | E4: ='학교별01.30'!E31 -> 0 | F4: ='학교별01.30'!F31 -> 0 | H4: 싱싱유통 | I4: ='학교별01.30'!H31 -> 0 | J4: ='학교별01.30'!I31 -> 0 | K4: ='학교별01.30'!J31 -> 0 | L4: ='학교별01.30'!K31 -> 0 | M4: ='학교별01.30'!L31 -> 0 | N4: ='학교별01.30'!M31 -> 0 | O4: ='학교별01.30'!N31 -> 0 | P4: ='학교별01.30'!O31 -> 0 | ... V4: ='학교별01.30'!U31 -> 0
A7: 공공급식센터 | C7: ='학교별01.30'!C58 -> 39 | D7: ='학교별01.30'!D58 -> 0 | E7: ='학교별01.30'!E58 -> 0 | F7: ='학교별01.30'!F58 -> 0 | H7: 급식센터 | I7: ='학교별01.30'!H58 -> 0 | J7: ='학교별01.30'!I58 -> 0 | K7: ='학교별01.30'!J58 -> 0 | L7: ='학교별01.30'!K58 -> 0 | M7: ='학교별01.30'!L58 -> 1 | N7: ='학교별01.30'!M58 -> 0 | O7: ='학교별01.30'!N58 -> 0 | P7: ='학교별01.30'!O58 -> 0 | ... V7: ='학교별01.30'!U58 -> 0
A10: 땅끝농협 | C10: ='학교별01.30'!C67 -> 0 | D10: ='학교별01.30'!D67 -> 0 | E10: ='학교별01.30'!E67 -> 0 | F10: ='학교별01.30'!F67 -> 0 | H10: 땅끝농협 | I10: ='학교별01.30'!H67 -> 0 | J10: ='학교별01.30'!I67 -> 0 | K10: ='학교별01.30'!J67 -> 0 | L10: ='학교별01.30'!K67 -> 0 | M10: ='학교별01.30'!L67 -> 0 | N10: ='학교별01.30'!M67 -> 1 | O10: ='학교별01.30'!N67 -> 0 | P10: ='학교별01.30'!O67 -> 0 | ... V10: ='학교별01.30'!U67 -> 0

Sheet 학교별02.06
A1: 2/6(금) 해남군공공급식 (2/9~2/13 발주량) | C1: 유기농 백미 ( ) | E1: 유기농 찹쌀 ( ) | H1: 유기농 찹쌀현미 ( ) | I1: 유기농 현미 ( ) | J1: 유기농 귀리 ( ) | K1: 유기농 보리 ( ) | L1: 유기농 기장 ( ) | M1: 유기농 흑미 ( ) | N1: 유기농 차조 ( ) | O1: 유기농 서리태 ( ) | P1: 유기농 발아현미 ( ) | Q1: 유기농 쥐눈이콩 ( ) | R1: 유기농 수수 ( ) | S1: 소면 ( ) | T1: 중면 ( ) | U1: 칼국수 ( )
C2: 10kg | D2: 1kg | E2: 10kg | F2: 1kg | H2: 1kg | I2: 1kg | J2: 1kg | K2: 1kg | L2: 1kg | M2: 1kg | N2: 1kg | O2: 1kg | P2: 1kg | Q2: 1kg | R2: 1kg | S2: 1kg | T2: 1kg | U2: 1kg
A3: 업체 | B3: 품목별 소계 | C3: =C31+C58+C67 -> 10 | D3: =D31+D58+D67 -> 0 | E3: =E31+E58+E67 -> 0 | F3: =F31+F58+F67 -> 0 | H3: =H31+H58+H67 -> 0 | I3: =I31+I58+I67 -> 0 | J3: =J31+J58+J67 -> 0 | K3: =K31+K58+K67 -> 0 | L3: =L31+L58+L67 -> 1 | M3: =M31+M58+M67 -> 0 | N3: =N31+N58+N67 -> 0 | O3: =O31+O58+O67 -> 0 | ... U3: =U31+U58+U67 -> 0 | V3: =D3*10 -> 0 | W3: =F3*10+E3 -> 0 | X3: =SUM(H3:Q3) -> 1 | Y3: =SUM(V3:X3) -> 1
A4: 싱싱 유통 | B4: 계곡중학교
B5: 계곡초등학교
B6: 두륜중학교
B7: 마산초등학교
B8: 북일초등학교
B9: 북평중학교
B10: 북평초등학교
B11: 산이서초등학교
B12: 산이중학교
B13: 산이초등학교
B14: 삼산초등학교
B15: 옥천초등학교
B16: 우수영중학교
... B30: 황산초등학교
C31: =SUM(C4:C30) -> 0 | D31: =SUM(D4:D30) -> 0 | E31: =SUM(E4:E30) -> 0 | F31: =SUM(F4:F30) -> 0 | H31: =SUM(H4:H30) -> 0 | I31: =SUM(I4:I30) -> 0 | J31: =SUM(J4:J30) -> 0 | K31: =SUM(K4:K30) -> 0 | L31: =SUM(L4:L30) -> 0 | M31: =SUM(M4:M30) -> 0 | N31: =SUM(N4:N30) -> 0 | O31: =SUM(O4:O30) -> 0 | ... U31: =SUM(U4:U30) -> 0
A32: 공공 급식 센터 | B32: 공립시등어린이집
B33: 공립한듬어린이집 | C33: 2
B34: 공립해남어린이집 | C34: 2 | L34: 1
B35: 공립해담어린이집
B36: 공립화원어린이집
B37: 동심어린이집
B38: 둘리어린이집
B39: 리틀어린이집
B40: 미래클유치원
B41: 벧엘특수어린이집 | C41: 2
B42: 산이어린이집 | C42: 1
B43: 색동어린이집 | C43: 2
B44: 서림어린이집
B45: 신생어린이집
B46: 아트빌어린이집
B47: 예닮어린이집 | C47: 1
B48: 예찬어린이집
B49: 천진어린이집
B50: 코아루다사랑어린이집
B51: 해남복지어린이집
B52: 해남원광어린이집
B53: 해남원광유치원
B54: 화산어린이집
B55: 해남제일중학교
B56: 해남중학교
B57: 해남공업고등학교
C58: =SUM(C32:C57) -> 10 | D58: =SUM(D32:D57) -> 0 | E58: =SUM(E32:E57) -> 0 | F58: =SUM(F32:F57) -> 0 | H58: =SUM(H32:H57) -> 0 | I58: =SUM(I32:I57) -> 0 | J58: =SUM(J32:J57) -> 0 | K58: =SUM(K32:K57) -> 0 | L58: =SUM(L32:L57) -> 1 | M58: =SUM(M32:M57) -> 0 | N58: =SUM(N32:N57) -> 0 | O58: =SUM(O32:O57) -> 0 | ... U58: =SUM(U32:U57) -> 0
A59: 땅끝 농협 | B59: 서정초등학교
B60: 송지고등학교
B61: 송지중학교
B62: 송지초등학교
B63: 송지중앙어린이집
B64: 송호초등학교
B65: 어란진초등학교
B66: 해남서초등학교
C67: =SUM(C59:C66) -> 0 | D67: =SUM(D59:D66) -> 0 | E67: =SUM(E59:E66) -> 0 | F67: =SUM(F59:F66) -> 0 | H67: =SUM(H59:H66) -> 0 | I67: =SUM(I59:I66) -> 0 | J67: =SUM(J59:J66) -> 0 | K67: =SUM(K59:K66) -> 0 | L67: =SUM(L59:L66) -> 0 | M67: =SUM(M59:M66) -> 0 | N67: =SUM(N59:N66) -> 0 | O67: =SUM(O59:O66) -> 0 | ... U67: =SUM(U59:U66) -> 0
A69: 단가 | C69: 41000 | D69: 4100 | E69: 55000 | F69: 5500 | H69: 5500 | I69: 4100 | J69: 6800 | K69: 5200 | L69: 20700 | M69: 6400 | N69: 18700 | O69: 21700 | P69: 8300 | Q69: 15200 | R69: 13100 | S69: 8500 | T69: 8500 | U69: 8500 | W69: =P72*0.85 -> 366095 | AA69: =P74-P72 -> 0
A70: 금액 | C70: =C69*C3 -> 410000 | D70: =D69*D3 -> 0 | E70: =E69*E3 -> 0 | F70: =F69*F3 -> 0 | H70: =H69*H3 -> 0 | I70: =I69*I3 -> 0 | J70: =J69*J3 -> 0 | K70: =K69*K3 -> 0 | L70: =L69*L3 -> 20700 | M70: =M69*M3 -> 0 | N70: =N69*N3 -> 0 | O70: =O69*O3 -> 0 | ... U70: =U69*U3 -> 0
P72: =SUM(C70:U70) -> 430700
P74: 430700 | W74: =P74*0.85 -> 366095
C79: =C69*0.85 -> 34850 | D79: =D69*0.85 -> 3485 | E79: =E69*0.85 -> 46750 | F79: =F69*0.85 -> 4675 | H79: =H69*0.85 -> 4675 | I79: =I69*0.85 -> 3485 | J79: =J69*0.85 -> 5780 | K79: =K69*0.85 -> 4420 | L79: =L69*0.85 -> 17595 | M79: =M69*0.85 -> 5440 | N79: =N69*0.85 -> 15895 | O79: =O69*0.85 -> 18445 | ... U79: =U69*0.85 -> 7225
C80: 29500 | D80: 2950 | E80: 51000 | F80: 5100 | H80: 3600 | I80: 2950 | J80: 4000 | K80: 4200 | L80: 15000 | M80: 4500 | N80: 9500 | O80: 12000 | P80: 8000 | Q80: 12000 | R80: 8500
C81: =C79-C80 -> 5350 | D81: =D79-D80 -> 535 | E81: =E79-E80 -> -4250 | F81: =F79-F80 -> -425 | H81: =H79-H80 -> 1075 | I81: =I79-I80 -> 535 | J81: =J79-J80 -> 1780 | K81: =K79-K80 -> 220 | L81: =L79-L80 -> 2595 | M81: =M79-M80 -> 940 | N81: =N79-N80 -> 6395 | O81: =O79-O80 -> 6445 | ... R81: =R79-R80 -> 2635
C82: =C81*C3 -> 53500 | D82: =D81*D3 -> 0 | E82: =E81*E3 -> 0 | F82: =F81*F3 -> 0 | G82: =G81*G3 -> 0 | H82: =H81*H3 -> 0 | I82: =I81*I3 -> 0 | J82: =J81*J3 -> 0 | ... R82: =R81*R3 -> 0
P84: =SUM(C82:R82) -> 56095

Sheet 공장동02.06
A1: 2/6(금) 해남군공공급식 (2/9~2/13 발주량) | C1: 유기농 백미 천지향 ( ) | E1: 유기농 찹쌀 ( ) | H1: 급식센터 입고 | I1: 유기농 찹쌀현미 ( ) | J1: 유기농 현미 ( ) | K1: 유기농 귀리 (박태일) | L1: 유기농 보리 (김종원) | M1: 유기농 기장 (박태일) | N1: 유기농 흑미 (박태일) | O1: 유기농 차조 (신승철) | P1: 유기농 서리태 (이관) | Q1: 유기농 발아현미 (곽해용) | R1: 유기농 쥐눈이콩 (신승철) | S1: 유기농 수수 (윤영식) | T1: 소면 ( ) | U1: 중면 ( ) | V1: 칼국수면 ( )
C2: 10kg | D2: 1kg | E2: 10kg | F2: 1kg | I2: 1kg | J2: 1kg | K2: 1kg | L2: 1kg | M2: 1kg | N2: 1kg | O2: 1kg | P2: 1kg | Q2: 1kg | R2: 1kg | S2: 1kg | T2: 1kg | U2: 1kg | V2: 1kg
A3: 품목별 소계 | C3: =SUM(C4:C19) -> 10 | D3: =SUM(D4:D19) -> 0 | E3: =SUM(E4:E19) -> 0 | F3: =SUM(F4:F19) -> 0 | H3: 품목별 소계 | I3: =SUM(I4:I11) -> 0 | J3: =SUM(J4:J11) -> 0 | K3: =SUM(K4:K11) -> 0 | L3: =SUM(L4:L11) -> 0 | M3: =SUM(M4:M11) -> 1 | N3: =SUM(N4:N11) -> 0 | O3: =SUM(O4:O11) -> 0 | P3: =SUM(P4:P11) -> 0 | ... V3: =SUM(V4:V11) -> 0
A4: 싱싱유통 | C4: ='학교별02.06'!C31 -> 0 | D4: ='학교별02.06'!D31 -> 0 | E4: ='학교별02.06'!E31 -> 0 | F4: ='학교별02.06'!F31 -> 0 | H4: 싱싱유통 | I4: ='학교별02.06'!H31 -> 0 | J4: ='학교별02.06'!I31 -> 0 | K4: ='학교별02.06'!J31 -> 0 | L4: ='학교별02.06'!K31 -> 0 | M4: ='학교별02.06'!L31 -> 0 | N4: ='학교별02.06'!M31 -> 0 | O4: ='학교별02.06'!N31 -> 0 | P4: ='학교별02.06'!O31 -> 0 | ... V4: ='학교별02.06'!U31 -> 0
A7: 공공급식센터 | C7: ='학교별02.06'!C58 -> 10 | D7: ='학교별02.06'!D58 -> 0 | E7: ='학교별02.06'!E58 -> 0 | F7: ='학교별02.06'!F58 -> 0 | H7: 급식센터 | I7: ='학교별02.06'!H58 -> 0 | J7: ='학교별02.06'!I58 -> 0 | K7: ='학교별02.06'!J58 -> 0 | L7: ='학교별02.06'!K58 -> 0 | M7: ='학교별02.06'!L58 -> 1 | N7: ='학교별02.06'!M58 -> 0 | O7: ='학교별02.06'!N58 -> 0 | P7: ='학교별02.06'!O58 -> 0 | ... V7: ='학교별02.06'!U58 -> 0
A10: 땅끝농협 | C10: ='학교별02.06'!C67 -> 0 | D10: ='학교별02.06'!D67 -> 0 | E10: ='학교별02.06'!E67 -> 0 | F10: ='학교별02.06'!F67 -> 0 | H10: 땅끝농협 | I10: ='학교별02.06'!H67 -> 0 | J10: ='학교별02.06'!I67 -> 0 | K10: ='학교별02.06'!J67 -> 0 | L10: ='학교별02.06'!K67 -> 0 | M10: ='학교별02.06'!L67 -> 0 | N10: ='학교별02.06'!M67 -> 0 | O10: ='학교별02.06'!N67 -> 0 | P10: ='학교별02.06'!O67 -> 0 | ... V10: ='학교별02.06'!U67 -> 0

Sheet 학교별02.13
A1: 2/13(금) 해남군공공급식 (2/16~2/20 발주량) | C1: 유기농 백미 ( ) | E1: 유기농 찹쌀 ( ) | H1: 유기농 찹쌀현미 ( ) | I1: 유기농 현미 ( ) | J1: 유기농 귀리 ( ) | K1: 유기농 보리 ( ) | L1: 유기농 기장 ( ) | M1: 유기농 흑미 ( ) | N1: 유기농 차조 ( ) | O1: 유기농 서리태 ( ) | P1: 유기농 발아현미 ( ) | Q1: 유기농 쥐눈이콩 ( ) | R1: 유기농 수수 ( ) | S1: 소면 ( ) | T1: 중면 ( ) | U1: 칼국수 ( )
C2: 10kg | D2: 1kg | E2: 10kg | F2: 1kg | H2: 1kg | I2: 1kg | J2: 1kg | K2: 1kg | L2: 1kg | M2: 1kg | N2: 1kg | O2: 1kg | P2: 1kg | Q2: 1kg | R2: 1kg | S2: 1kg | T2: 1kg | U2: 1kg
A3: 업체 | B3: 품목별 소계 | C3: =C31+C58+C67 -> 4 | D3: =D31+D58+D67 -> 0 | E3: =E31+E58+E67 -> 0 | F3: =F31+F58+F67 -> 0 | H3: =H31+H58+H67 -> 0 | I3: =I31+I58+I67 -> 0 | J3: =J31+J58+J67 -> 0 | K3: =K31+K58+K67 -> 0 | L3: =L31+L58+L67 -> 0 | M3: =M31+M58+M67 -> 0 | N3: =N31+N58+N67 -> 0 | O3: =O31+O58+O67 -> 0 | ... U3: =U31+U58+U67 -> 0 | V3: =D3*10 -> 0 | W3: =F3*10+E3 -> 0 | X3: =SUM(H3:Q3) -> 0 | Y3: =SUM(V3:X3) -> 0
A4: 싱싱 유통 | B4: 계곡중학교
B5: 계곡초등학교
B6: 두륜중학교
B7: 마산초등학교
B8: 북일초등학교
B9: 북평중학교
B10: 북평초등학교
B11: 산이서초등학교
B12: 산이중학교
B13: 산이초등학교
B14: 삼산초등학교
B15: 옥천초등학교
B16: 우수영중학교
... B30: 황산초등학교
C31: =SUM(C4:C30) -> 0 | D31: =SUM(D4:D30) -> 0 | E31: =SUM(E4:E30) -> 0 | F31: =SUM(F4:F30) -> 0 | H31: =SUM(H4:H30) -> 0 | I31: =SUM(I4:I30) -> 0 | J31: =SUM(J4:J30) -> 0 | K31: =SUM(K4:K30) -> 0 | L31: =SUM(L4:L30) -> 0 | M31: =SUM(M4:M30) -> 0 | N31: =SUM(N4:N30) -> 0 | O31: =SUM(O4:O30) -> 0 | ... U31: =SUM(U4:U30) -> 0
A32: 공공 급식 센터 | B32: 공립시등어린이집
B33: 공립한듬어린이집
B34: 공립해남어린이집
B35: 공립해담어린이집 | C35: 2
B36: 공립화원어린이집
B37: 동심어린이집
B38: 둘리어린이집
B39: 리틀어린이집
B40: 미래클유치원
B41: 벧엘특수어린이집
B42: 산이어린이집 | C42: 1
B43: 색동어린이집
B44: 서림어린이집
B45: 신생어린이집
B46: 아트빌어린이집
B47: 예닮어린이집 | C47: 1
B48: 예찬어린이집
B49: 천진어린이집
B50: 코아루다사랑어린이집
B51: 해남복지어린이집
B52: 해남원광어린이집
B53: 해남원광유치원
B54: 화산어린이집
B55: 해남제일중학교
B56: 해남중학교
B57: 해남공업고등학교
C58: =SUM(C32:C57) -> 4 | D58: =SUM(D32:D57) -> 0 | E58: =SUM(E32:E57) -> 0 | F58: =SUM(F32:F57) -> 0 | H58: =SUM(H32:H57) -> 0 | I58: =SUM(I32:I57) -> 0 | J58: =SUM(J32:J57) -> 0 | K58: =SUM(K32:K57) -> 0 | L58: =SUM(L32:L57) -> 0 | M58: =SUM(M32:M57) -> 0 | N58: =SUM(N32:N57) -> 0 | O58: =SUM(O32:O57) -> 0 | ... U58: =SUM(U32:U57) -> 0
A59: 땅끝 농협 | B59: 서정초등학교
B60: 송지고등학교
B61: 송지중학교
B62: 송지초등학교
B63: 송지중앙어린이집
B64: 송호초등학교
B65: 어란진초등학교
B66: 해남서초등학교
C67: =SUM(C59:C66) -> 0 | D67: =SUM(D59:D66) -> 0 | E67: =SUM(E59:E66) -> 0 | F67: =SUM(F59:F66) -> 0 | H67: =SUM(H59:H66) -> 0 | I67: =SUM(I59:I66) -> 0 | J67: =SUM(J59:J66) -> 0 | K67: =SUM(K59:K66) -> 0 | L67: =SUM(L59:L66) -> 0 | M67: =SUM(M59:M66) -> 0 | N67: =SUM(N59:N66) -> 0 | O67: =SUM(O59:O66) -> 0 | ... U67: =SUM(U59:U66) -> 0
A69: 단가 | C69: 41000 | D69: 4100 | E69: 55000 | F69: 5500 | H69: 5500 | I69: 4100 | J69: 6800 | K69: 5200 | L69: 20700 | M69: 6400 | N69: 18700 | O69: 21700 | P69: 8300 | Q69: 15200 | R69: 13100 | S69: 8500 | T69: 8500 | U69: 8500 | W69: =P72*0.85 -> 139400 | AA69: =P74-P72 -> 0
A70: 금액 | C70: =C69*C3 -> 164000 | D70: =D69*D3 -> 0 | E70: =E69*E3 -> 0 | F70: =F69*F3 -> 0 | H70: =H69*H3 -> 0 | I70: =I69*I3 -> 0 | J70: =J69*J3 -> 0 | K70: =K69*K3 -> 0 | L70: =L69*L3 -> 0 | M70: =M69*M3 -> 0 | N70: =N69*N3 -> 0 | O70: =O69*O3 -> 0 | ... U70: =U69*U3 -> 0
P72: =SUM(C70:U70) -> 164000
P74: 164000 | W74: =P74*0.85 -> 139400
C79: =C69*0.85 -> 34850 | D79: =D69*0.85 -> 3485 | E79: =E69*0.85 -> 46750 | F79: =F69*0.85 -> 4675 | H79: =H69*0.85 -> 4675 | I79: =I69*0.85 -> 3485 | J79: =J69*0.85 -> 5780 | K79: =K69*0.85 -> 4420 | L79: =L69*0.85 -> 17595 | M79: =M69*0.85 -> 5440 | N79: =N69*0.85 -> 15895 | O79: =O69*0.85 -> 18445 | ... U79: =U69*0.85 -> 7225
C80: 29500 | D80: 2950 | E80: 51000 | F80: 5100 | H80: 3600 | I80: 2950 | J80: 4000 | K80: 4200 | L80: 15000 | M80: 4500 | N80: 9500 | O80: 12000 | P80: 8000 | Q80: 12000 | R80: 8500
C81: =C79-C80 -> 5350 | D81: =D79-D80 -> 535 | E81: =E79-E80 -> -4250 | F81: =F79-F80 -> -425 | H81: =H79-H80 -> 1075 | I81: =I79-I80 -> 535 | J81: =J79-J80 -> 1780 | K81: =K79-K80 -> 220 | L81: =L79-L80 -> 2595 | M81: =M79-M80 -> 940 | N81: =N79-N80 -> 6395 | O81: =O79-O80 -> 6445 | ... R81: =R79-R80 -> 2635
C82: =C81*C3 -> 21400 | D82: =D81*D3 -> 0 | E82: =E81*E3 -> 0 | F82: =F81*F3 -> 0 | G82: =G81*G3 -> 0 | H82: =H81*H3 -> 0 | I82: =I81*I3 -> 0 | J82: =J81*J3 -> 0 | ... R82: =R81*R3 -> 0
P84: =SUM(C82:R82) -> 21400

Sheet 공장동02.13
A1: 2/13(금) 해남군공공급식 (2/16~2/20 발주량) | C1: 유기농 백미 천지향 ( ) | E1: 유기농 찹쌀 ( ) | H1: 급식센터 입고 | I1: 유기농 찹쌀현미 ( ) | J1: 유기농 현미 ( ) | K1: 유기농 귀리 (박태일) | L1: 유기농 보리 (김종원) | M1: 유기농 기장 (박태일) | N1: 유기농 흑미 (박태일) | O1: 유기농 차조 (임정옥) | P1: 유기농 팥 (신승철) | Q1: 유기농 발아현미 (곽해용) | R1: 유기농 쥐눈이콩 (신승철) | S1: 유기농 수수 (윤영식) | T1: 소면 ( ) | U1: 중면 ( ) | V1: 칼국수면 ( )
C2: 10kg | D2: 1kg | E2: 10kg | F2: 1kg | I2: 1kg | J2: 1kg | K2: 1kg | L2: 1kg | M2: 1kg | N2: 1kg | O2: 1kg | P2: 1kg | Q2: 1kg | R2: 1kg | S2: 1kg | T2: 1kg | U2: 1kg | V2: 1kg
A3: 품목별 소계 | C3: =SUM(C4:C19) -> 4 | D3: =SUM(D4:D19) -> 0 | E3: =SUM(E4:E19) -> 0 | F3: =SUM(F4:F19) -> 0 | H3: 품목별 소계 | I3: =SUM(I4:I11) -> 0 | J3: =SUM(J4:J11) -> 0 | K3: =SUM(K4:K11) -> 0 | L3: =SUM(L4:L11) -> 0 | M3: =SUM(M4:M11) -> 0 | N3: =SUM(N4:N11) -> 0 | O3: =SUM(O4:O11) -> 0 | P3: =SUM(P4:P11) -> 0 | ... V3: =SUM(V4:V11) -> 0
A4: 싱싱유통 | C4: ='학교별02.13'!C31 -> 0 | D4: ='학교별02.13'!D31 -> 0 | E4: ='학교별02.13'!E31 -> 0 | F4: ='학교별02.13'!F31 -> 0 | H4: 싱싱유통 | I4: ='학교별02.13'!H31 -> 0 | J4: ='학교별02.13'!I31 -> 0 | K4: ='학교별02.13'!J31 -> 0 | L4: ='학교별02.13'!K31 -> 0 | M4: ='학교별02.13'!L31 -> 0 | N4: ='학교별02.13'!M31 -> 0 | O4: ='학교별02.13'!N31 -> 0 | P4: ='학교별02.13'!O31 -> 0 | ... V4: ='학교별02.13'!U31 -> 0
A7: 공공급식센터 | C7: ='학교별02.13'!C58 -> 4 | D7: ='학교별02.13'!D58 -> 0 | E7: ='학교별02.13'!E58 -> 0 | F7: ='학교별02.13'!F58 -> 0 | H7: 급식센터 | I7: ='학교별02.13'!H58 -> 0 | J7: ='학교별02.13'!I58 -> 0 | K7: ='학교별02.13'!J58 -> 0 | L7: ='학교별02.13'!K58 -> 0 | M7: ='학교별02.13'!L58 -> 0 | N7: ='학교별02.13'!M58 -> 0 | O7: ='학교별02.13'!N58 -> 0 | P7: ='학교별02.13'!O58 -> 0 | ... V7: ='학교별02.13'!U58 -> 0
A10: 땅끝농협 | C10: ='학교별02.13'!C67 -> 0 | D10: ='학교별02.13'!D67 -> 0 | E10: ='학교별02.13'!E67 -> 0 | F10: ='학교별02.13'!F67 -> 0 | H10: 땅끝농협 | I10: ='학교별02.13'!H67 -> 0 | J10: ='학교별02.13'!I67 -> 0 | K10: ='학교별02.13'!J67 -> 0 | L10: ='학교별02.13'!K67 -> 0 | M10: ='학교별02.13'!L67 -> 0 | N10: ='학교별02.13'!M67 -> 0 | O10: ='학교별02.13'!N67 -> 0 | P10: ='학교별02.13'!O67 -> 0 | ... V10: ='학교별02.13'!U67 -> 0

Sheet 학교별02.20
A1: 2/20(금) 해남군공공급식 (2/23~2/27 발주량) | C1: 유기농 백미 ( ) | E1: 유기농 찹쌀 ( ) | H1: 유기농 찹쌀현미 ( ) | I1: 유기농 현미 ( ) | J1: 유기농 귀리 ( ) | K1: 유기농 보리 ( ) | L1: 유기농 기장 ( ) | M1: 유기농 흑미 ( ) | N1: 유기농 차조 ( ) | O1: 유기농 서리태 ( ) | P1: 유기농 발아현미 ( ) | Q1: 유기농 쥐눈이콩 ( ) | R1: 유기농 수수 ( ) | S1: 소면 ( ) | T1: 중면 ( ) | U1: 칼국수 ( )
C2: 10kg | D2: 1kg | E2: 10kg | F2: 1kg | H2: 1kg | I2: 1kg | J2: 1kg | K2: 1kg | L2: 1kg | M2: 1kg | N2: 1kg | O2: 1kg | P2: 1kg | Q2: 1kg | R2: 1kg | S2: 1kg | T2: 1kg | U2: 1kg
A3: 업체 | B3: 품목별 소계 | C3: =C31+C58+C67 -> 11 | D3: =D31+D58+D67 -> 0 | E3: =E31+E58+E67 -> 0 | F3: =F31+F58+F67 -> 0 | H3: =H31+H58+H67 -> 0 | I3: =I31+I58+I67 -> 0 | J3: =J31+J58+J67 -> 0 | K3: =K31+K58+K67 -> 0 | L3: =L31+L58+L67 -> 0 | M3: =M31+M58+M67 -> 0 | N3: =N31+N58+N67 -> 0 | O3: =O31+O58+O67 -> 0 | ... U3: =U31+U58+U67 -> 0 | V3: =D3*10 -> 0 | W3: =F3*10+E3 -> 0 | X3: =SUM(H3:Q3) -> 0 | Y3: =SUM(V3:X3) -> 0
A4: 싱싱 유통 | B4: 계곡중학교
B5: 계곡초등학교
B6: 두륜중학교
B7: 마산초등학교
B8: 북일초등학교
B9: 북평중학교
B10: 북평초등학교
B11: 산이서초등학교
B12: 산이중학교
B13: 산이초등학교
B14: 삼산초등학교
B15: 옥천초등학교
B16: 우수영중학교
... B30: 황산초등학교
C31: =SUM(C4:C30) -> 0 | D31: =SUM(D4:D30) -> 0 | E31: =SUM(E4:E30) -> 0 | F31: =SUM(F4:F30) -> 0 | H31: =SUM(H4:H30) -> 0 | I31: =SUM(I4:I30) -> 0 | J31: =SUM(J4:J30) -> 0 | K31: =SUM(K4:K30) -> 0 | L31: =SUM(L4:L30) -> 0 | M31: =SUM(M4:M30) -> 0 | N31: =SUM(N4:N30) -> 0 | O31: =SUM(O4:O30) -> 0 | ... U31: =SUM(U4:U30) -> 0
A32: 공공 급식 센터 | B32: 공립시등어린이집
B33: 공립한듬어린이집
B34: 공립해남어린이집 | C34: 2
B35: 공립해담어린이집
B36: 공립화원어린이집
B37: 동심어린이집
B38: 둘리어린이집
B39: 리틀어린이집
B40: 미래클유치원
B41: 벧엘특수어린이집 | C41: 2
B42: 산이어린이집
B43: 색동어린이집 | C43: 2
B44: 서림어린이집
B45: 신생어린이집 | C45: 5
B46: 아트빌어린이집
B47: 예닮어린이집
B48: 예찬어린이집
B49: 천진어린이집
B50: 코아루다사랑어린이집
B51: 해남복지어린이집
B52: 해남원광어린이집
B53: 해남원광유치원
B54: 화산어린이집
B55: 해남제일중학교
B56: 해남중학교
B57: 해남공업고등학교
C58: =SUM(C32:C57) -> 11 | D58: =SUM(D32:D57) -> 0 | E58: =SUM(E32:E57) -> 0 | F58: =SUM(F32:F57) -> 0 | H58: =SUM(H32:H57) -> 0 | I58: =SUM(I32:I57) -> 0 | J58: =SUM(J32:J57) -> 0 | K58: =SUM(K32:K57) -> 0 | L58: =SUM(L32:L57) -> 0 | M58: =SUM(M32:M57) -> 0 | N58: =SUM(N32:N57) -> 0 | O58: =SUM(O32:O57) -> 0 | ... U58: =SUM(U32:U57) -> 0
A59: 땅끝 농협 | B59: 서정초등학교
B60: 송지고등학교
B61: 송지중학교
B62: 송지초등학교
B63: 송지중앙어린이집
B64: 송호초등학교
B65: 어란진초등학교
B66: 해남서초등학교
C67: =SUM(C59:C66) -> 0 | D67: =SUM(D59:D66) -> 0 | E67: =SUM(E59:E66) -> 0 | F67: =SUM(F59:F66) -> 0 | H67: =SUM(H59:H66) -> 0 | I67: =SUM(I59:I66) -> 0 | J67: =SUM(J59:J66) -> 0 | K67: =SUM(K59:K66) -> 0 | L67: =SUM(L59:L66) -> 0 | M67: =SUM(M59:M66) -> 0 | N67: =SUM(N59:N66) -> 0 | O67: =SUM(O59:O66) -> 0 | ... U67: =SUM(U59:U66) -> 0
A69: 단가 | C69: 41000 | D69: 4100 | E69: 55000 | F69: 5500 | H69: 5500 | I69: 4100 | J69: 6800 | K69: 5200 | L69: 20700 | M69: 6400 | N69: 18700 | O69: 21700 | P69: 8300 | Q69: 15200 | R69: 13100 | S69: 8500 | T69: 8500 | U69: 8500 | W69: =P72*0.85 -> 383350 | AA69: =P74-P72 -> 0
A70: 금액 | C70: =C69*C3 -> 451000 | D70: =D69*D3 -> 0 | E70: =E69*E3 -> 0 | F70: =F69*F3 -> 0 | H70: =H69*H3 -> 0 | I70: =I69*I3 -> 0 | J70: =J69*J3 -> 0 | K70: =K69*K3 -> 0 | L70: =L69*L3 -> 0 | M70: =M69*M3 -> 0 | N70: =N69*N3 -> 0 | O70: =O69*O3 -> 0 | ... U70: =U69*U3 -> 0
P72: =SUM(C70:U70) -> 451000
P74: 451000 | W74: =P74*0.85 -> 383350
C79: =C69*0.85 -> 34850 | D79: =D69*0.85 -> 3485 | E79: =E69*0.85 -> 46750 | F79: =F69*0.85 -> 4675 | H79: =H69*0.85 -> 4675 | I79: =I69*0.85 -> 3485 | J79: =J69*0.85 -> 5780 | K79: =K69*0.85 -> 4420 | L79: =L69*0.85 -> 17595 | M79: =M69*0.85 -> 5440 | N79: =N69*0.85 -> 15895 | O79: =O69*0.85 -> 18445 | ... U79: =U69*0.85 -> 7225
C80: 29500 | D80: 2950 | E80: 51000 | F80: 5100 | H80: 3600 | I80: 2950 | J80: 4000 | K80: 4200 | L80: 15000 | M80: 4500 | N80: 9500 | O80: 12000 | P80: 8000 | Q80: 12000 | R80: 8500
C81: =C79-C80 -> 5350 | D81: =D79-D80 -> 535 | E81: =E79-E80 -> -4250 | F81: =F79-F80 -> -425 | H81: =H79-H80 -> 1075 | I81: =I79-I80 -> 535 | J81: =J79-J80 -> 1780 | K81: =K79-K80 -> 220 | L81: =L79-L80 -> 2595 | M81: =M79-M80 -> 940 | N81: =N79-N80 -> 6395 | O81: =O79-O80 -> 6445 | ... R81: =R79-R80 -> 2635
C82: =C81*C3 -> 58850 | D82: =D81*D3 -> 0 | E82: =E81*E3 -> 0 | F82: =F81*F3 -> 0 | G82: =G81*G3 -> 0 | H82: =H81*H3 -> 0 | I82: =I81*I3 -> 0 | J82: =J81*J3 -> 0 | ... R82: =R81*R3 -> 0
P84: =SUM(C82:R82) -> 58850

Sheet 공장동02.20
A1: 2/20(금) 해남군공공급식 (2/23~2/27 발주량) | C1: 유기농 백미 천지향 ( ) | E1: 유기농 찹쌀 ( ) | H1: 급식센터 입고 | I1: 유기농 찹쌀현미 ( ) | J1: 유기농 현미 ( ) | K1: 유기농 귀리 (박태일) | L1: 유기농 보리 (김종원) | M1: 유기농 기장 (박태일) | N1: 유기농 흑미 (박태일) | O1: 유기농 차조 (임정옥) | P1: 유기농 팥 (신승철) | Q1: 유기농 발아현미 (곽해용) | R1: 유기농 쥐눈이콩 (신승철) | S1: 유기농 수수 (윤영식) | T1: 소면 ( ) | U1: 중면 ( ) | V1: 칼국수면 ( )
C2: 10kg | D2: 1kg | E2: 10kg | F2: 1kg | I2: 1kg | J2: 1kg | K2: 1kg | L2: 1kg | M2: 1kg | N2: 1kg | O2: 1kg | P2: 1kg | Q2: 1kg | R2: 1kg | S2: 1kg | T2: 1kg | U2: 1kg | V2: 1kg
A3: 품목별 소계 | C3: =SUM(C4:C19) -> 11 | D3: =SUM(D4:D19) -> 0 | E3: =SUM(E4:E19) -> 0 | F3: =SUM(F4:F19) -> 0 | H3: 품목별 소계 | I3: =SUM(I4:I11) -> 0 | J3: =SUM(J4:J11) -> 0 | K3: =SUM(K4:K11) -> 0 | L3: =SUM(L4:L11) -> 0 | M3: =SUM(M4:M11) -> 0 | N3: =SUM(N4:N11) -> 0 | O3: =SUM(O4:O11) -> 0 | P3: =SUM(P4:P11) -> 0 | ... V3: =SUM(V4:V11) -> 0
A4: 싱싱유통 | C4: ='학교별02.20'!C31 -> 0 | D4: ='학교별02.20'!D31 -> 0 | E4: ='학교별02.20'!E31 -> 0 | F4: ='학교별02.20'!F31 -> 0 | H4: 싱싱유통 | I4: ='학교별02.20'!H31 -> 0 | J4: ='학교별02.20'!I31 -> 0 | K4: ='학교별02.20'!J31 -> 0 | L4: ='학교별02.20'!K31 -> 0 | M4: ='학교별02.20'!L31 -> 0 | N4: ='학교별02.20'!M31 -> 0 | O4: ='학교별02.20'!N31 -> 0 | P4: ='학교별02.20'!O31 -> 0 | ... V4: ='학교별02.20'!U31 -> 0
A7: 공공급식센터 | C7: ='학교별02.20'!C58 -> 11 | D7: ='학교별02.20'!D58 -> 0 | E7: ='학교별02.20'!E58 -> 0 | F7: ='학교별02.20'!F58 -> 0 | H7: 급식센터 | I7: ='학교별02.20'!H58 -> 0 | J7: ='학교별02.20'!I58 -> 0 | K7: ='학교별02.20'!J58 -> 0 | L7: ='학교별02.20'!K58 -> 0 | M7: ='학교별02.20'!L58 -> 0 | N7: ='학교별02.20'!M58 -> 0 | O7: ='학교별02.20'!N58 -> 0 | P7: ='학교별02.20'!O58 -> 0 | ... V7: ='학교별02.20'!U58 -> 0
A10: 땅끝농협 | C10: ='학교별02.20'!C67 -> 0 | D10: ='학교별02.20'!D67 -> 0 | E10: ='학교별02.20'!E67 -> 0 | F10: ='학교별02.20'!F67 -> 0 | H10: 땅끝농협 | I10: ='학교별02.20'!H67 -> 0 | J10: ='학교별02.20'!I67 -> 0 | K10: ='학교별02.20'!J67 -> 0 | L10: ='학교별02.20'!K67 -> 0 | M10: ='학교별02.20'!L67 -> 0 | N10: ='학교별02.20'!M67 -> 0 | O10: ='학교별02.20'!N67 -> 0 | P10: ='학교별02.20'!O67 -> 0 | ... V10: ='학교별02.20'!U67 -> 0

Sheet 학교별02.27
A1: 2/27(금) 해남군공공급식 (3/3~3/6 발주량) | C1: 유기농 백미 ( ) | E1: 유기농 찹쌀 ( ) | H1: 유기농 찹쌀현미 ( ) | I1: 유기농 현미 ( ) | J1: 유기농 귀리 ( ) | K1: 유기농 보리 ( ) | L1: 유기농 기장 ( ) | M1: 유기농 흑미 ( ) | N1: 유기농 차조 ( ) | O1: 유기농 팥 ( ) | P1: 유기농 발아현미 ( ) | Q1: 유기농 쥐눈이콩 ( ) | R1: 유기농 수수 ( ) | S1: 유기농 서리태 ( ) | T1: ( ) | U1: ( )
C2: 10kg | D2: 1kg | E2: 10kg | F2: 1kg | H2: 1kg | I2: 1kg | J2: 1kg | K2: 1kg | L2: 1kg | M2: 1kg | N2: 1kg | O2: 1kg | P2: 1kg | Q2: 1kg | R2: 1kg | S2: 1kg | T2: 1kg | U2: 1kg
A3: 업체 | B3: 품목별 소계 | C3: =C22+C43+C52+C62 -> 91 | D3: =D22+D43+D52+D62 -> 0 | E3: =E22+E43+E52+E62 -> 16 | F3: =F22+F43+F52+F62 -> 82 | H3: =H22+H43+H52+H62 -> 6 | I3: =I22+I43+I52+I62 -> 2 | J3: =J22+J43+J52+J62 -> 3 | K3: =K22+K43+K52+K62 -> 17 | L3: =L22+L43+L52+L62 -> 9 | M3: =M22+M43+M52+M62 -> 4 | N3: =N22+N43+N52+N62 -> 3 | O3: =O22+O43+O52+O62 -> 8 | ... U3: =U22+U43+U52+U62 -> 0 | V3: =D3*10 -> 0 | W3: =F3*10+E3 -> 836 | X3: =SUM(H3:Q3) -> 52 | Y3: =SUM(V3:X3) -> 888
A4: 싱싱 유통 | B4: 두륜중학교
B5: 마산초등학교 | K5: 1 | L5: 1 | M5: 1
B6: 북일초등학교
B7: 북평중학교
B8: 북평초등학교 | K8: 10
B9: 산이서초등학교
B10: 산이중학교 | K10: 1
B11: 산이초등학교
B12: 우수영중학교 | M12: 1 | O12: 1
B13: 우수영초등학교 | L13: 1 | M13: 1
B14: 해남고등학교
B15: 현산중학교 | N15: 1 | O15: 1 | R15: 1 | S15: 1
B16: 현산초등학교
B17: 화원고등학교
B18: 화원중학교
B19: 화원초등학교 | L19: 1 | O19: 1
B20: 황산중학교 | K20: 1
B21: 황산초등학교
C22: =SUM(C4:C21) -> 0 | D22: =SUM(D4:D21) -> 0 | E22: =SUM(E4:E21) -> 0 | F22: =SUM(F4:F21) -> 0 | H22: =SUM(H4:H21) -> 0 | I22: =SUM(I4:I21) -> 0 | J22: =SUM(J4:J21) -> 0 | K22: =SUM(K4:K21) -> 13 | L22: =SUM(L4:L21) -> 3 | M22: =SUM(M4:M21) -> 3 | N22: =SUM(N4:N21) -> 1 | O22: =SUM(O4:O21) -> 3 | ... U22: =SUM(U4:U21) -> 0
A23: 공공 급식 센터 | B23: 공립해남어린이집 | O23: 1
B24: 공립화원어린이집
B25: 동심어린이집
B26: 리틀어린이집
B27: 미래클유치원 | M27: 1
B28: 벧엘특수어린이집
B29: 산이어린이집 | R29: 1
B30: 색동어린이집
B31: 서림어린이집
B32: 시등어린이집
B33: 신생어린이집 | N33: 1 | O33: 1
B34: 아트빌어린이집
B35: 예닮어린이집
B36: 예찬어린이집
B37: 원광유치원
B38: 천진어린이집
B39: 한듬어린이집
B40: 해남원광어린이집
B41: 해담어린이집
B42: 화산어린이집
C43: =SUM(C23:C42) -> 0 | D43: =SUM(D23:D42) -> 0 | E43: =SUM(E23:E42) -> 0 | F43: =SUM(F23:F42) -> 0 | H43: =SUM(H23:H42) -> 0 | I43: =SUM(I23:I42) -> 0 | J43: =SUM(J23:J42) -> 0 | K43: =SUM(K23:K42) -> 0 | L43: =SUM(L23:L42) -> 0 | M43: =SUM(M23:M42) -> 1 | N43: =SUM(N23:N42) -> 1 | O43: =SUM(O23:O42) -> 2 | ... U43: =SUM(U23:U42) -> 0
A44: 땅끝 농협 | B44: 서정초등학교 | C44: 4
B45: 송지고등학교 | C45: 10 | L45: 1
B46: 송지중학교 | E46: 3
B47: 송지초등학교
B48: 송호초등학교
B49: 어란진초등학교 | C49: 5 | F49: 5
B50: 해남공업고등학교 | H50: 3 | K50: 3
B51: 해남제일중학교 | H51: 2 | L51: 2
C52: =SUM(C44:C51) -> 19 | D52: =SUM(D44:D51) -> 0 | E52: =SUM(E44:E51) -> 3 | F52: =SUM(F44:F51) -> 5 | H52: =SUM(H44:H51) -> 5 | I52: =SUM(I44:I51) -> 0 | J52: =SUM(J44:J51) -> 0 | K52: =SUM(K44:K51) -> 3 | L52: =SUM(L44:L51) -> 3 | M52: =SUM(M44:M51) -> 0 | N52: =SUM(N44:N51) -> 0 | O52: =SUM(O44:O51) -> 0 | ... U52: =SUM(U44:U51) -> 0
A53: 참솔 | B53: 계곡초등학교 | C53: 3 | F53: 2
B54: 삼산초등학교 | F54: 4 | H54: 1 | K54: 1
B55: 옥천초등학교 | C55: 3 | F55: 5 | O55: 1
B56: 해남동초등학교 | C56: 20 | E56: 10 | J56: 2 | L56: 2 | R56: 2
B57: 해남서초등학교 | C57: 8 | E57: 3
B58: 해남중학교 | C58: 30 | F58: 35 | I58: 2 | O58: 2
B59: 해오름유치원 | C59: 5 | F59: 25
B60: 화산중학교 | C60: 3 | F60: 1 | L60: 1
B61: 화산초등학교 | F61: 5 | J61: 1 | N61: 1
C62: =SUM(C53:C61) -> 72 | D62: =SUM(D53:D61) -> 0 | E62: =SUM(E53:E61) -> 13 | F62: =SUM(F53:F61) -> 77 | H62: =SUM(H53:H61) -> 1 | I62: =SUM(I53:I61) -> 2 | J62: =SUM(J53:J61) -> 3 | K62: =SUM(K53:K61) -> 1 | L62: =SUM(L53:L61) -> 3 | M62: =SUM(M53:M61) -> 0 | N62: =SUM(N53:N61) -> 1 | O62: =SUM(O53:O61) -> 3 | ... U62: =SUM(U53:U61) -> 0
A64: 단가 | C64: 47000 | D64: 4700 | E64: 58000 | F64: 5800 | H64: 5800 | I64: 4700 | J64: 6800 | K64: 5200 | L64: 20700 | M64: 6400 | N64: 18700 | O64: 25700 | P64: 8500 | Q64: 21700 | R64: 15000 | S64: 18000 | W64: =P67*0.85 -> 5427420 | AA64: =P69-P67 -> 0
A65: 금액 | C65: =C64*C3 -> 4277000 | D65: =D64*D3 -> 0 | E65: =E64*E3 -> 928000 | F65: =F64*F3 -> 475600 | H65: =H64*H3 -> 34800 | I65: =I64*I3 -> 9400 | J65: =J64*J3 -> 20400 | K65: =K64*K3 -> 88400 | L65: =L64*L3 -> 186300 | M65: =M64*M3 -> 25600 | N65: =N64*N3 -> 56100 | O65: =O64*O3 -> 205600 | ... U65: =U64*U3 -> 0
P67: =SUM(C65:U65) -> 6385200
P69: 6385200 | W69: =P69*0.85 -> 5427420
C74: =C64*0.85 -> 39950 | D74: =D64*0.85 -> 3995 | E74: =E64*0.85 -> 49300 | F74: =F64*0.85 -> 4930 | H74: =H64*0.85 -> 4930 | I74: =I64*0.85 -> 3995 | J74: =J64*0.85 -> 5780 | K74: =K64*0.85 -> 4420 | L74: =L64*0.85 -> 17595 | M74: =M64*0.85 -> 5440 | N74: =N64*0.85 -> 15895 | O74: =O64*0.85 -> 21845 | ... U74: =U64*0.85 -> 0
C75: 29500 | D75: 2950 | E75: 51000 | F75: 5100 | H75: 3600 | I75: 2950 | J75: 4000 | K75: 4200 | L75: 15000 | M75: 4500 | N75: 9500 | O75: 12000 | P75: 8000 | Q75: 12000 | R75: 8500
C76: =C74-C75 -> 10450 | D76: =D74-D75 -> 1045 | E76: =E74-E75 -> -1700 | F76: =F74-F75 -> -170 | H76: =H74-H75 -> 1330 | I76: =I74-I75 -> 1045 | J76: =J74-J75 -> 1780 | K76: =K74-K75 -> 220 | L76: =L74-L75 -> 2595 | M76: =M74-M75 -> 940 | N76: =N74-N75 -> 6395 | O76: =O74-O75 -> 9845 | ... R76: =R74-R75 -> 4250
C77: =C76*C3 -> 950950 | D77: =D76*D3 -> 0 | E77: =E76*E3 -> -27200 | F77: =F76*F3 -> -13940 | G77: =G76*G3 -> 0 | H77: =H76*H3 -> 7980 | I77: =I76*I3 -> 2090 | J77: =J76*J3 -> 5340 | ... R77: =R76*R3 -> 17000
P79: =SUM(C77:R77) -> 1071020

Sheet 공장동02.27
A1: 2/27(금) 해남군공공급식 (3/3~3/6 발주량) | C1: 유기농 백미 천지향 ( ) | E1: 유기농 찹쌀 ( ) | H1: 급식센터 입고 | I1: 유기농 찹쌀현미 ( ) | J1: 유기농 현미 ( ) | K1: 유기농 귀리 (박태일) | L1: 유기농 보리 (김종원) | M1: 유기농 기장 (박태일) | N1: 유기농 흑미 (박태일) | O1: 유기농 차조 (임정옥) | P1: 유기농 팥 (신승철) | Q1: 유기농 발아현미 (곽해용) | R1: 유기농 쥐눈이콩 (신승철) | S1: 유기농 수수 (윤영식) | T1: 유기농 서리태 ( ) | U1: 중면 ( ) | V1: 칼국수면 ( )
C2: 10kg | D2: 1kg | E2: 10kg | F2: 1kg | I2: 1kg | J2: 1kg | K2: 1kg | L2: 1kg | M2: 1kg | N2: 1kg | O2: 1kg | P2: 1kg | Q2: 1kg | R2: 1kg | S2: 1kg | T2: 1kg | U2: 1kg | V2: 1kg
A3: 품목별 소계 | C3: =SUM(C4:C19) -> 91 | D3: =SUM(D4:D19) -> 0 | E3: =SUM(E4:E19) -> 16 | F3: =SUM(F4:F19) -> 82 | H3: 품목별 소계 | I3: =SUM(I4:I14) -> 6 | J3: =SUM(J4:J14) -> 2 | K3: =SUM(K4:K14) -> 3 | L3: =SUM(L4:L14) -> 17 | M3: =SUM(M4:M14) -> 9 | N3: =SUM(N4:N14) -> 4 | O3: =SUM(O4:O14) -> 3 | P3: =SUM(P4:P14) -> 8 | ... U3: =SUM(U4:U14) -> 0 | V3: =SUM(V4:V11) -> 0
A4: 싱싱유통 | C4: ='학교별02.27'!C22 -> 0 | D4: ='학교별02.27'!D22 -> 0 | E4: ='학교별02.27'!E22 -> 0 | F4: ='학교별02.27'!F22 -> 0 | H4: 싱싱유통 | I4: ='학교별02.27'!H22 -> 0 | J4: ='학교별02.27'!I22 -> 0 | K4: ='학교별02.27'!J22 -> 0 | L4: ='학교별02.27'!K22 -> 13 | M4: ='학교별02.27'!L22 -> 3 | N4: ='학교별02.27'!M22 -> 3 | O4: ='학교별02.27'!N22 -> 1 | P4: ='학교별02.27'!O22 -> 3 | ... V4: ='학교별02.27'!U22 -> 0
A7: 공공급식센터 | C7: ='학교별02.27'!C43 -> 0 | D7: ='학교별02.27'!D43 -> 0 | E7: ='학교별02.27'!E43 -> 0 | F7: ='학교별02.27'!F43 -> 0 | H7: 급식센터 | I7: ='학교별02.27'!H43 -> 0 | J7: ='학교별02.27'!I43 -> 0 | K7: ='학교별02.27'!J43 -> 0 | L7: ='학교별02.27'!K43 -> 0 | M7: ='학교별02.27'!L43 -> 0 | N7: ='학교별02.27'!M43 -> 1 | O7: ='학교별02.27'!N43 -> 1 | P7: ='학교별02.27'!O43 -> 2 | ... V7: ='학교별02.27'!U43 -> 0
A10: 땅끝농협 | C10: ='학교별02.27'!C52 -> 19 | D10: ='학교별02.27'!D52 -> 0 | E10: ='학교별02.27'!E52 -> 3 | F10: ='학교별02.27'!F52 -> 5 | H10: 땅끝농협 | I10: ='학교별02.27'!H52 -> 5 | J10: ='학교별02.27'!I52 -> 0 | K10: ='학교별02.27'!J52 -> 0 | L10: ='학교별02.27'!K52 -> 3 | M10: ='학교별02.27'!L52 -> 3 | N10: ='학교별02.27'!M52 -> 0 | O10: ='학교별02.27'!N52 -> 0 | P10: ='학교별02.27'!O52 -> 0 | ... V10: ='학교별02.27'!U52 -> 0
A13: 참솔 | C13: ='학교별02.27'!C62 -> 72 | D13: ='학교별02.27'!D62 -> 0 | E13: ='학교별02.27'!E62 -> 13 | F13: ='학교별02.27'!F62 -> 77 | H13: 참솔 | I13: ='학교별02.27'!H62 -> 1 | J13: ='학교별02.27'!I62 -> 2 | K13: ='학교별02.27'!J62 -> 3 | L13: ='학교별02.27'!K62 -> 1 | M13: ='학교별02.27'!L62 -> 3 | N13: ='학교별02.27'!M62 -> 0 | O13: ='학교별02.27'!N62 -> 1 | P13: ='학교별02.27'!O62 -> 3 | ... V13: ='학교별02.27'!U62 -> 0

Sheet 학교별03.06
A1: 3/6(금) 해남군공공급식 (3/9~3/13 발주량) | C1: 유기농 백미 ( ) | E1: 유기농 찹쌀 ( ) | H1: 유기농 찹쌀현미 ( ) | I1: 유기농 현미 ( ) | J1: 유기농 귀리 ( ) | K1: 유기농 보리 ( ) | L1: 유기농 기장 ( ) | M1: 유기농 흑미 ( ) | N1: 유기농 차조 ( ) | O1: 유기농 팥 ( ) | P1: 유기농 발아현미 ( ) | Q1: 유기농 쥐눈이콩 ( ) | R1: 유기농 수수 ( ) | S1: 유기농 서리태 ( ) | T1: ( ) | U1: ( )
C2: 10kg | D2: 1kg | E2: 10kg | F2: 1kg | H2: 1kg | I2: 1kg | J2: 1kg | K2: 1kg | L2: 1kg | M2: 1kg | N2: 1kg | O2: 1kg | P2: 1kg | Q2: 1kg | R2: 1kg | S2: 1kg | T2: 1kg | U2: 1kg
A3: 업체 | B3: 품목별 소계 | C3: =C22+C43+C52+C62 -> 40 | D3: =D22+D43+D52+D62 -> 0 | E3: =E22+E43+E52+E62 -> 16 | F3: =F22+F43+F52+F62 -> 21 | H3: =H22+H43+H52+H62 -> 6 | I3: =I22+I43+I52+I62 -> 0 | J3: =J22+J43+J52+J62 -> 5 | K3: =K22+K43+K52+K62 -> 5 | L3: =L22+L43+L52+L62 -> 9 | M3: =M22+M43+M52+M62 -> 0 | N3: =N22+N43+N52+N62 -> 4 | O3: =O22+O43+O52+O62 -> 0 | ... U3: =U22+U43+U52+U62 -> 0 | V3: =D3*10 -> 0 | W3: =F3*10+E3 -> 226 | X3: =SUM(H3:Q3) -> 31 | Y3: =SUM(V3:X3) -> 257
A4: 싱싱 유통 | B4: 두륜중학교
B5: 마산초등학교 | K5: 1
B6: 북일초등학교 | N6: 1 | R6: 1
B7: 북평중학교 | K7: 1
B8: 북평초등학교 | J8: 1
B9: 산이서초등학교
B10: 산이중학교 | J10: 1
B11: 산이초등학교 | L11: 1
B12: 우수영중학교 | L12: 1
B13: 우수영초등학교 | R13: 1
B14: 해남고등학교
B15: 현산중학교 | K15: 1
B16: 현산초등학교
B17: 화원고등학교
B18: 화원중학교
B19: 화원초등학교 | R19: 1 | S19: 1
B20: 황산중학교
B21: 황산초등학교
C22: =SUM(C4:C21) -> 0 | D22: =SUM(D4:D21) -> 0 | E22: =SUM(E4:E21) -> 0 | F22: =SUM(F4:F21) -> 0 | H22: =SUM(H4:H21) -> 0 | I22: =SUM(I4:I21) -> 0 | J22: =SUM(J4:J21) -> 2 | K22: =SUM(K4:K21) -> 3 | L22: =SUM(L4:L21) -> 2 | M22: =SUM(M4:M21) -> 0 | N22: =SUM(N4:N21) -> 1 | O22: =SUM(O4:O21) -> 0 | ... U22: =SUM(U4:U21) -> 0
A23: 공공 급식 센터 | B23: 공립해남어린이집 | J23: 1
B24: 공립화원어린이집
B25: 동심어린이집
B26: 리틀어린이집
B27: 미래클유치원 | N27: 1
B28: 벧엘특수어린이집
B29: 산이어린이집
B30: 색동어린이집
B31: 서림어린이집
B32: 시등어린이집
B33: 신생어린이집
B34: 아트빌어린이집
B35: 예닮어린이집
B36: 예찬어린이집
B37: 원광유치원
B38: 천진어린이집
B39: 한듬어린이집
... B42: 화산어린이집
C43: =SUM(C23:C42) -> 0 | D43: =SUM(D23:D42) -> 0 | E43: =SUM(E23:E42) -> 0 | F43: =SUM(F23:F42) -> 0 | H43: =SUM(H23:H42) -> 0 | I43: =SUM(I23:I42) -> 0 | J43: =SUM(J23:J42) -> 1 | K43: =SUM(K23:K42) -> 0 | L43: =SUM(L23:L42) -> 0 | M43: =SUM(M23:M42) -> 0 | N43: =SUM(N23:N42) -> 1 | O43: =SUM(O23:O42) -> 0 | ... U43: =SUM(U23:U42) -> 0
A44: 땅끝 농협 | B44: 서정초등학교 | F44: 4
B45: 송지고등학교 | C45: 10
B46: 송지중학교 | E46: 3
B47: 송지초등학교
B48: 송호초등학교
B49: 어란진초등학교
B50: 해남공업고등학교 | H50: 3
B51: 해남제일중학교 | H51: 2 | L51: 2 | P51: 2
C52: =SUM(C44:C51) -> 10 | D52: =SUM(D44:D51) -> 0 | E52: =SUM(E44:E51) -> 3 | F52: =SUM(F44:F51) -> 4 | H52: =SUM(H44:H51) -> 5 | I52: =SUM(I44:I51) -> 0 | J52: =SUM(J44:J51) -> 0 | K52: =SUM(K44:K51) -> 0 | L52: =SUM(L44:L51) -> 2 | M52: =SUM(M44:M51) -> 0 | N52: =SUM(N44:N51) -> 0 | O52: =SUM(O44:O51) -> 0 | ... U52: =SUM(U44:U51) -> 0
A53: 참솔 | B53: 계곡초등학교 | F53: 3 | K53: 1 | L53: 1 | R53: 1
B54: 삼산초등학교 | C54: 2 | F54: 5
B55: 옥천초등학교 | F55: 9
B56: 해남동초등학교 | C56: 20 | E56: 10 | L56: 2 | R56: 2
B57: 해남서초등학교 | C57: 8 | E57: 3 | K57: 1 | R57: 1 | S57: 1
B58: 해남중학교 | J58: 2 | L58: 2 | N58: 2
B59: 해오름유치원
B60: 화산중학교 | H60: 1
B61: 화산초등학교 | R61: 1
C62: =SUM(C53:C61) -> 30 | D62: =SUM(D53:D61) -> 0 | E62: =SUM(E53:E61) -> 13 | F62: =SUM(F53:F61) -> 17 | H62: =SUM(H53:H61) -> 1 | I62: =SUM(I53:I61) -> 0 | J62: =SUM(J53:J61) -> 2 | K62: =SUM(K53:K61) -> 2 | L62: =SUM(L53:L61) -> 5 | M62: =SUM(M53:M61) -> 0 | N62: =SUM(N53:N61) -> 2 | O62: =SUM(O53:O61) -> 0 | ... U62: =SUM(U53:U61) -> 0
A64: 단가 | C64: 47000 | D64: 4700 | E64: 58000 | F64: 5800 | H64: 5800 | I64: 4700 | J64: 6800 | K64: 5200 | L64: 20700 | M64: 6400 | N64: 18700 | O64: 25700 | P64: 8800 | Q64: 21700 | R64: 15000 | S64: 18000 | W64: =P67*0.85 -> 2940405 | AA64: =P69-P67 -> 0
A65: 금액 | C65: =C64*C3 -> 1880000 | D65: =D64*D3 -> 0 | E65: =E64*E3 -> 928000 | F65: =F64*F3 -> 121800 | H65: =H64*H3 -> 34800 | I65: =I64*I3 -> 0 | J65: =J64*J3 -> 34000 | K65: =K64*K3 -> 26000 | L65: =L64*L3 -> 186300 | M65: =M64*M3 -> 0 | N65: =N64*N3 -> 74800 | O65: =O64*O3 -> 0 | ... U65: =U64*U3 -> 0
P67: =SUM(C65:U65) -> 3459300
P69: 3459300 | W69: =P69*0.85 -> 2940405
C74: =C64*0.85 -> 39950 | D74: =D64*0.85 -> 3995 | E74: =E64*0.85 -> 49300 | F74: =F64*0.85 -> 4930 | H74: =H64*0.85 -> 4930 | I74: =I64*0.85 -> 3995 | J74: =J64*0.85 -> 5780 | K74: =K64*0.85 -> 4420 | L74: =L64*0.85 -> 17595 | M74: =M64*0.85 -> 5440 | N74: =N64*0.85 -> 15895 | O74: =O64*0.85 -> 21845 | ... U74: =U64*0.85 -> 0
C75: 29500 | D75: 2950 | E75: 51000 | F75: 5100 | H75: 3600 | I75: 2950 | J75: 4000 | K75: 4200 | L75: 15000 | M75: 4500 | N75: 9500 | O75: 12000 | P75: 8000 | Q75: 12000 | R75: 8500
C76: =C74-C75 -> 10450 | D76: =D74-D75 -> 1045 | E76: =E74-E75 -> -1700 | F76: =F74-F75 -> -170 | H76: =H74-H75 -> 1330 | I76: =I74-I75 -> 1045 | J76: =J74-J75 -> 1780 | K76: =K74-K75 -> 220 | L76: =L74-L75 -> 2595 | M76: =M74-M75 -> 940 | N76: =N74-N75 -> 6395 | O76: =O74-O75 -> 9845 | ... R76: =R74-R75 -> 4250
C77: =C76*C3 -> 418000 | D77: =D76*D3 -> 0 | E77: =E76*E3 -> -27200 | F77: =F76*F3 -> -3570 | G77: =G76*G3 -> 0 | H77: =H76*H3 -> 7980 | I77: =I76*I3 -> 0 | J77: =J76*J3 -> 8900 | ... R77: =R76*R3 -> 34000
P79: =SUM(C77:R77) -> 487105

Sheet 공장동03.06
A1: 3/6(금) 해남군공공급식 (3/9~3/13 발주량) | C1: 유기농 백미 천지향 ( ) | E1: 유기농 찹쌀 ( ) | H1: 급식센터 입고 | I1: 유기농 찹쌀현미 ( ) | J1: 유기농 현미 ( ) | K1: 유기농 귀리 (박태일) | L1: 유기농 보리 (김종원) | M1: 유기농 기장 (박태일) | N1: 유기농 흑미 (박태일) | O1: 유기농 차조 (임정옥) | P1: 유기농 팥 (신승철) | Q1: 유기농 발아현미 (곽해용) | R1: 유기농 쥐눈이콩 (신승철) | S1: 유기농 수수 (윤영식) | T1: 유기농 서리태 ( ) | U1: 중면 ( ) | V1: 칼국수면 ( )
C2: 10kg | D2: 1kg | E2: 10kg | F2: 1kg | I2: 1kg | J2: 1kg | K2: 1kg | L2: 1kg | M2: 1kg | N2: 1kg | O2: 1kg | P2: 1kg | Q2: 1kg | R2: 1kg | S2: 1kg | T2: 1kg | U2: 1kg | V2: 1kg
A3: 품목별 소계 | C3: =SUM(C4:C19) -> 40 | D3: =SUM(D4:D19) -> 0 | E3: =SUM(E4:E19) -> 16 | F3: =SUM(F4:F19) -> 21 | H3: 품목별 소계 | I3: =SUM(I4:I14) -> 6 | J3: =SUM(J4:J14) -> 0 | K3: =SUM(K4:K14) -> 5 | L3: =SUM(L4:L14) -> 5 | M3: =SUM(M4:M14) -> 9 | N3: =SUM(N4:N14) -> 0 | O3: =SUM(O4:O14) -> 4 | P3: =SUM(P4:P14) -> 0 | ... U3: =SUM(U4:U14) -> 0 | V3: =SUM(V4:V11) -> 0
A4: 싱싱유통 | C4: ='학교별03.06'!C22 -> 0 | D4: ='학교별03.06'!D22 -> 0 | E4: ='학교별03.06'!E22 -> 0 | F4: ='학교별03.06'!F22 -> 0 | H4: 싱싱유통 | I4: ='학교별03.06'!H22 -> 0 | J4: ='학교별03.06'!I22 -> 0 | K4: ='학교별03.06'!J22 -> 2 | L4: ='학교별03.06'!K22 -> 3 | M4: ='학교별03.06'!L22 -> 2 | N4: ='학교별03.06'!M22 -> 0 | O4: ='학교별03.06'!N22 -> 1 | P4: ='학교별03.06'!O22 -> 0 | ... V4: ='학교별03.06'!U22 -> 0
A7: 공공급식센터 | C7: ='학교별03.06'!C43 -> 0 | D7: ='학교별03.06'!D43 -> 0 | E7: ='학교별03.06'!E43 -> 0 | F7: ='학교별03.06'!F43 -> 0 | H7: 급식센터 | I7: ='학교별03.06'!H43 -> 0 | J7: ='학교별03.06'!I43 -> 0 | K7: ='학교별03.06'!J43 -> 1 | L7: ='학교별03.06'!K43 -> 0 | M7: ='학교별03.06'!L43 -> 0 | N7: ='학교별03.06'!M43 -> 0 | O7: ='학교별03.06'!N43 -> 1 | P7: ='학교별03.06'!O43 -> 0 | ... V7: ='학교별03.06'!U43 -> 0
A10: 땅끝농협 | C10: ='학교별03.06'!C52 -> 10 | D10: ='학교별03.06'!D52 -> 0 | E10: ='학교별03.06'!E52 -> 3 | F10: ='학교별03.06'!F52 -> 4 | H10: 땅끝농협 | I10: ='학교별03.06'!H52 -> 5 | J10: ='학교별03.06'!I52 -> 0 | K10: ='학교별03.06'!J52 -> 0 | L10: ='학교별03.06'!K52 -> 0 | M10: ='학교별03.06'!L52 -> 2 | N10: ='학교별03.06'!M52 -> 0 | O10: ='학교별03.06'!N52 -> 0 | P10: ='학교별03.06'!O52 -> 0 | ... V10: ='학교별03.06'!U52 -> 0
A13: 참솔 | C13: ='학교별03.06'!C62 -> 30 | D13: ='학교별03.06'!D62 -> 0 | E13: ='학교별03.06'!E62 -> 13 | F13: ='학교별03.06'!F62 -> 17 | H13: 참솔 | I13: ='학교별03.06'!H62 -> 1 | J13: ='학교별03.06'!I62 -> 0 | K13: ='학교별03.06'!J62 -> 2 | L13: ='학교별03.06'!K62 -> 2 | M13: ='학교별03.06'!L62 -> 5 | N13: ='학교별03.06'!M62 -> 0 | O13: ='학교별03.06'!N62 -> 2 | P13: ='학교별03.06'!O62 -> 0 | ... V13: ='학교별03.06'!U62 -> 0

Sheet 학교별03.13
A1: 3/13(금) 해남군공공급식 (3/16~3/20 발주량) | C1: 유기농 백미 ( ) | E1: 유기농 찹쌀 ( ) | H1: 유기농 찹쌀현미 ( ) | I1: 유기농 현미 ( ) | J1: 유기농 귀리 ( ) | K1: 유기농 보리 ( ) | L1: 유기농 기장 ( ) | M1: 유기농 흑미 ( ) | N1: 유기농 차조 ( ) | O1: 유기농 팥 ( ) | P1: 유기농 발아현미 ( ) | Q1: 유기농 쥐눈이콩 ( ) | R1: 유기농 수수 ( ) | S1: 유기농 서리태 ( ) | T1: ( ) | U1: ( )
C2: 10kg | D2: 1kg | E2: 10kg | F2: 1kg | H2: 1kg | I2: 1kg | J2: 1kg | K2: 1kg | L2: 1kg | M2: 1kg | N2: 1kg | O2: 1kg | P2: 1kg | Q2: 1kg | R2: 1kg | S2: 1kg | T2: 1kg | U2: 1kg
A3: 업체 | B3: 품목별 소계 | C3: =C22+C43+C52+C62 -> 145 | D3: =D22+D43+D52+D62 -> 0 | E3: =E22+E43+E52+E62 -> 34 | F3: =F22+F43+F52+F62 -> 58 | H3: =H22+H43+H52+H62 -> 5 | I3: =I22+I43+I52+I62 -> 0 | J3: =J22+J43+J52+J62 -> 2 | K3: =K22+K43+K52+K62 -> 6 | L3: =L22+L43+L52+L62 -> 12 | M3: =M22+M43+M52+M62 -> 2 | N3: =N22+N43+N52+N62 -> 3 | O3: =O22+O43+O52+O62 -> 0 | ... U3: =U22+U43+U52+U62 -> 0 | V3: =D3*10 -> 0 | W3: =F3*10+E3 -> 614 | X3: =SUM(H3:Q3) -> 30 | Y3: =SUM(V3:X3) -> 644
A4: 싱싱 유통 | B4: 두륜중학교
B5: 마산초등학교 | L5: 1 | M5: 1
B6: 북일초등학교
B7: 북평중학교
B8: 북평초등학교 | L8: 1 | R8: 1
B9: 산이서초등학교
B10: 산이중학교 | L10: 1 | N10: 1
B11: 산이초등학교
B12: 우수영중학교 | N12: 1 | R12: 1
B13: 우수영초등학교
B14: 해남고등학교
B15: 현산중학교
B16: 현산초등학교
B17: 화원고등학교
B18: 화원중학교
B19: 화원초등학교 | J19: 1 | M19: 1
B20: 황산중학교 | J20: 1 | N20: 1 | R20: 1
B21: 황산초등학교 | K21: 1 | R21: 1
C22: =SUM(C4:C21) -> 0 | D22: =SUM(D4:D21) -> 0 | E22: =SUM(E4:E21) -> 0 | F22: =SUM(F4:F21) -> 0 | H22: =SUM(H4:H21) -> 0 | I22: =SUM(I4:I21) -> 0 | J22: =SUM(J4:J21) -> 2 | K22: =SUM(K4:K21) -> 1 | L22: =SUM(L4:L21) -> 3 | M22: =SUM(M4:M21) -> 2 | N22: =SUM(N4:N21) -> 3 | O22: =SUM(O4:O21) -> 0 | ... U22: =SUM(U4:U21) -> 0
A23: 공공 급식 센터 | B23: 공립해남어린이집
B24: 공립화원어린이집
B25: 동심어린이집
B26: 리틀어린이집
B27: 미래클유치원
B28: 벧엘특수어린이집
B29: 산이어린이집
B30: 색동어린이집
B31: 서림어린이집
B32: 시등어린이집
B33: 신생어린이집
B34: 아트빌어린이집
B35: 예닮어린이집
... B42: 화산어린이집
C43: =SUM(C23:C42) -> 0 | D43: =SUM(D23:D42) -> 0 | E43: =SUM(E23:E42) -> 0 | F43: =SUM(F23:F42) -> 0 | H43: =SUM(H23:H42) -> 0 | I43: =SUM(I23:I42) -> 0 | J43: =SUM(J23:J42) -> 0 | K43: =SUM(K23:K42) -> 0 | L43: =SUM(L23:L42) -> 0 | M43: =SUM(M23:M42) -> 0 | N43: =SUM(N23:N42) -> 0 | O43: =SUM(O23:O42) -> 0 | ... U43: =SUM(U23:U42) -> 0
A44: 땅끝 농협 | B44: 서정초등학교 | F44: 4
B45: 송지고등학교 | C45: 10 | L45: 1
B46: 송지중학교 | E46: 3
B47: 송지초등학교
B48: 송호초등학교
B49: 어란진초등학교 | F49: 5
B50: 해남공업고등학교 | C50: 58 | E50: 16 | H50: 3
B51: 해남제일중학교 | C51: 13 | H51: 2 | K51: 2 | L51: 2
C52: =SUM(C44:C51) -> 81 | D52: =SUM(D44:D51) -> 0 | E52: =SUM(E44:E51) -> 19 | F52: =SUM(F44:F51) -> 9 | H52: =SUM(H44:H51) -> 5 | I52: =SUM(I44:I51) -> 0 | J52: =SUM(J44:J51) -> 0 | K52: =SUM(K44:K51) -> 2 | L52: =SUM(L44:L51) -> 3 | M52: =SUM(M44:M51) -> 0 | N52: =SUM(N44:N51) -> 0 | O52: =SUM(O44:O51) -> 0 | ... U52: =SUM(U44:U51) -> 0
A53: 참솔 | B53: 계곡초등학교 | C53: 3 | F53: 2
B54: 삼산초등학교 | C54: 2 | F54: 5 | L54: 1
B55: 옥천초등학교 | C55: 4 | F55: 7
B56: 해남동초등학교 | C56: 20 | E56: 10 | L56: 2
B57: 해남서초등학교 | C57: 8 | E57: 5
B58: 해남중학교 | C58: 24 | F58: 35 | K58: 2 | L58: 2
B59: 해오름유치원
B60: 화산중학교 | C60: 3 | K60: 1
B61: 화산초등학교 | L61: 1
C62: =SUM(C53:C61) -> 64 | D62: =SUM(D53:D61) -> 0 | E62: =SUM(E53:E61) -> 15 | F62: =SUM(F53:F61) -> 49 | H62: =SUM(H53:H61) -> 0 | I62: =SUM(I53:I61) -> 0 | J62: =SUM(J53:J61) -> 0 | K62: =SUM(K53:K61) -> 3 | L62: =SUM(L53:L61) -> 6 | M62: =SUM(M53:M61) -> 0 | N62: =SUM(N53:N61) -> 0 | O62: =SUM(O53:O61) -> 0 | ... U62: =SUM(U53:U61) -> 0
A64: 단가 | C64: 47000 | D64: 4700 | E64: 58000 | F64: 5800 | H64: 5800 | I64: 4700 | J64: 6800 | K64: 5200 | L64: 20700 | M64: 6400 | N64: 18700 | O64: 25700 | P64: 8800 | Q64: 21700 | R64: 15000 | S64: 18000 | W64: =P67*0.85 -> 8138325 | AA64: =P69-P67 -> 0
A65: 금액 | C65: =C64*C3 -> 6815000 | D65: =D64*D3 -> 0 | E65: =E64*E3 -> 1972000 | F65: =F64*F3 -> 336400 | H65: =H64*H3 -> 29000 | I65: =I64*I3 -> 0 | J65: =J64*J3 -> 13600 | K65: =K64*K3 -> 31200 | L65: =L64*L3 -> 248400 | M65: =M64*M3 -> 12800 | N65: =N64*N3 -> 56100 | O65: =O64*O3 -> 0 | ... U65: =U64*U3 -> 0
P67: =SUM(C65:U65) -> 9574500
P69: 9574500 | W69: =P69*0.85 -> 8138325
C74: =C64*0.85 -> 39950 | D74: =D64*0.85 -> 3995 | E74: =E64*0.85 -> 49300 | F74: =F64*0.85 -> 4930 | H74: =H64*0.85 -> 4930 | I74: =I64*0.85 -> 3995 | J74: =J64*0.85 -> 5780 | K74: =K64*0.85 -> 4420 | L74: =L64*0.85 -> 17595 | M74: =M64*0.85 -> 5440 | N74: =N64*0.85 -> 15895 | O74: =O64*0.85 -> 21845 | ... U74: =U64*0.85 -> 0
C75: 29500 | D75: 2950 | E75: 51000 | F75: 5100 | H75: 3600 | I75: 2950 | J75: 4000 | K75: 4200 | L75: 15000 | M75: 4500 | N75: 9500 | O75: 12000 | P75: 8000 | Q75: 12000 | R75: 8500
C76: =C74-C75 -> 10450 | D76: =D74-D75 -> 1045 | E76: =E74-E75 -> -1700 | F76: =F74-F75 -> -170 | H76: =H74-H75 -> 1330 | I76: =I74-I75 -> 1045 | J76: =J74-J75 -> 1780 | K76: =K74-K75 -> 220 | L76: =L74-L75 -> 2595 | M76: =M74-M75 -> 940 | N76: =N74-N75 -> 6395 | O76: =O74-O75 -> 9845 | ... R76: =R74-R75 -> 4250
C77: =C76*C3 -> 1515250 | D77: =D76*D3 -> 0 | E77: =E76*E3 -> -57800 | F77: =F76*F3 -> -9860 | G77: =G76*G3 -> 0 | H77: =H76*H3 -> 6650 | I77: =I76*I3 -> 0 | J77: =J76*J3 -> 3560 | ... R77: =R76*R3 -> 17000
P79: =SUM(C77:R77) -> 1528325

Sheet 공장동03.13
A1: 3/13(금) 해남군공공급식 (3/16~3/20 발주량) | C1: 유기농 백미 천지향 ( ) | E1: 유기농 찹쌀 ( ) | H1: 급식센터 입고 | I1: 유기농 찹쌀현미 ( ) | J1: 유기농 현미 ( ) | K1: 유기농 귀리 (박태일) | L1: 유기농 보리 (김종원) | M1: 유기농 기장 (박태일) | N1: 유기농 흑미 (박태일) | O1: 유기농 차조 (임정옥) | P1: 유기농 팥 (신승철) | Q1: 유기농 발아현미 (곽해용) | R1: 유기농 쥐눈이콩 (신승철) | S1: 유기농 수수 (윤영식) | T1: 유기농 서리태 ( ) | U1: 중면 ( ) | V1: 칼국수면 ( )
C2: 10kg | D2: 1kg | E2: 10kg | F2: 1kg | I2: 1kg | J2: 1kg | K2: 1kg | L2: 1kg | M2: 1kg | N2: 1kg | O2: 1kg | P2: 1kg | Q2: 1kg | R2: 1kg | S2: 1kg | T2: 1kg | U2: 1kg | V2: 1kg
A3: 품목별 소계 | C3: =SUM(C4:C20) -> 97 | D3: =SUM(D4:D20) -> 0 | E3: =SUM(E4:E20) -> 26 | F3: =SUM(F4:F20) -> 58 | H3: 품목별 소계 | I3: =SUM(I4:I15) -> 6 | J3: =SUM(J4:J15) -> 0 | K3: =SUM(K4:K15) -> 2 | L3: =SUM(L4:L15) -> 6 | M3: =SUM(M4:M15) -> 12 | N3: =SUM(N4:N15) -> 2 | O3: =SUM(O4:O15) -> 3 | P3: =SUM(P4:P15) -> 0 | ... U3: =SUM(U4:U15) -> 0 | V3: =SUM(V4:V12) -> 0
A4: 싱싱유통 | C4: ='학교별03.13'!C22 -> 0 | D4: ='학교별03.13'!D22 -> 0 | E4: ='학교별03.13'!E22 -> 0 | F4: ='학교별03.13'!F22 -> 0 | H4: 싱싱유통 | I4: ='학교별03.13'!H22 -> 0 | J4: ='학교별03.13'!I22 -> 0 | K4: ='학교별03.13'!J22 -> 2 | L4: ='학교별03.13'!K22 -> 1 | M4: ='학교별03.13'!L22 -> 3 | N4: ='학교별03.13'!M22 -> 2 | O4: ='학교별03.13'!N22 -> 3 | P4: ='학교별03.13'!O22 -> 0 | ... V4: ='학교별03.13'!U22 -> 0
A7: 공공급식센터 | C7: ='학교별03.13'!C43 -> 0 | D7: ='학교별03.13'!D43 -> 0 | E7: ='학교별03.13'!E43 -> 0 | F7: ='학교별03.13'!F43 -> 0 | H7: 급식센터 | I7: ='학교별03.13'!H43 -> 0 | J7: ='학교별03.13'!I43 -> 0 | K7: ='학교별03.13'!J43 -> 0 | L7: ='학교별03.13'!K43 -> 0 | M7: ='학교별03.13'!L43 -> 0 | N7: ='학교별03.13'!M43 -> 0 | O7: ='학교별03.13'!N43 -> 0 | P7: ='학교별03.13'!O43 -> 0 | ... V7: ='학교별03.13'!U43 -> 0
A10: 땅끝농협 | C10: ='학교별03.13'!C52 -> 81 | D10: ='학교별03.13'!D52 -> 0 | E10: ='학교별03.13'!E52 -> 19 | F10: ='학교별03.13'!F52 -> 9 | H10: 땅끝농협 | I10: ='학교별03.13'!H52 -> 5 | J10: ='학교별03.13'!I52 -> 0 | K10: ='학교별03.13'!J52 -> 0 | L10: ='학교별03.13'!K52 -> 2 | M10: ='학교별03.13'!L52 -> 3 | N10: ='학교별03.13'!M52 -> 0 | O10: ='학교별03.13'!N52 -> 0 | P10: ='학교별03.13'!O52 -> 0 | ... V10: ='학교별03.13'!U52 -> 0
A11: 송지고 보관 요청 | C11: -10
A12: 해남공고 선입고 완료 | C12: -38 | E12: -8
A14: 참솔 | C14: ='학교별03.13'!C62 -> 64 | D14: ='학교별03.13'!D62 -> 0 | E14: ='학교별03.13'!E62 -> 15 | F14: ='학교별03.13'!F62 -> 49 | H14: 참솔 | I14: ='학교별03.13'!H62 -> 0 | J14: ='학교별03.13'!I62 -> 0 | K14: ='학교별03.13'!J62 -> 0 | L14: ='학교별03.13'!K62 -> 3 | M14: ='학교별03.13'!L62 -> 6 | N14: ='학교별03.13'!M62 -> 0 | O14: ='학교별03.13'!N62 -> 0 | P14: ='학교별03.13'!O62 -> 0 | ... V14: ='학교별03.13'!U62 -> 0
A15: 화산초 찰현미 선입고 요청 | I15: 1

Sheet 학교별03.20
A1: 3/20(금) 해남군공공급식 (3/23~3/27 발주량) | C1: 유기농 백미 ( ) | E1: 유기농 찹쌀 ( ) | H1: 유기농 찹쌀현미 ( ) | I1: 유기농 현미 ( ) | J1: 유기농 귀리 ( ) | K1: 유기농 보리 ( ) | L1: 유기농 기장 ( ) | M1: 유기농 흑미 ( ) | N1: 유기농 차조 ( ) | O1: 유기농 팥 ( ) | P1: 유기농 발아현미 ( ) | Q1: 유기농 쥐눈이콩 ( ) | R1: 유기농 수수 ( ) | S1: 유기농 서리태 ( )
C2: 10kg | D2: 1kg | E2: 10kg | F2: 1kg | H2: 1kg | I2: 1kg | J2: 1kg | K2: 1kg | L2: 1kg | M2: 1kg | N2: 1kg | O2: 1kg | P2: 1kg | Q2: 1kg | R2: 1kg | S2: 1kg
A3: 업체 | B3: 품목별 소계 | C3: =C22+C43+C52+C62 -> 54 | D3: =D22+D43+D52+D62 -> 0 | E3: =E22+E43+E52+E62 -> 20 | F3: =F22+F43+F52+F62 -> 20 | H3: =H22+H43+H52+H62 -> 6 | I3: =I22+I43+I52+I62 -> 1 | J3: =J22+J43+J52+J62 -> 6 | K3: =K22+K43+K52+K62 -> 7 | L3: =L22+L43+L52+L62 -> 4 | M3: =M22+M43+M52+M62 -> 2 | N3: =N22+N43+N52+N62 -> 5 | O3: =O22+O43+O52+O62 -> 0 | ... S3: =S22+S43+S52+S62 -> 1 | T3: =D3*10 -> 0 | U3: =F3*10+E3 -> 220 | V3: =SUM(H3:Q3) -> 32 | W3: =SUM(T3:V3) -> 252
A4: 싱싱 유통 | B4: 두륜중학교
B5: 마산초등학교 | K5: 1
B6: 북일초등학교 | K6: 1 | S6: 1
B7: 북평중학교 | K7: 1 | P7: 1
B8: 북평초등학교
B9: 산이서초등학교
B10: 산이중학교
B11: 산이초등학교
B12: 우수영중학교
B13: 우수영초등학교 | M13: 1
B14: 해남고등학교
B15: 현산중학교
B16: 현산초등학교
B17: 화원고등학교
B18: 화원중학교
B19: 화원초등학교
B20: 황산중학교
B21: 황산초등학교 | J21: 1 | L21: 1
C22: =SUM(C4:C21) -> 0 | D22: =SUM(D4:D21) -> 0 | E22: =SUM(E4:E21) -> 0 | F22: =SUM(F4:F21) -> 0 | H22: =SUM(H4:H21) -> 0 | I22: =SUM(I4:I21) -> 0 | J22: =SUM(J4:J21) -> 1 | K22: =SUM(K4:K21) -> 3 | L22: =SUM(L4:L21) -> 1 | M22: =SUM(M4:M21) -> 1 | N22: =SUM(N4:N21) -> 0 | O22: =SUM(O4:O21) -> 0 | ... S22: =SUM(S4:S21) -> 1
A23: 공공 급식 센터 | B23: 공립해남어린이집
B24: 공립화원어린이집
B25: 동심어린이집
B26: 리틀어린이집
B27: 미래클유치원 | K27: 1 | L27: 1 | M27: 1 | N27: 1
B28: 벧엘특수어린이집
B29: 산이어린이집
B30: 색동어린이집
B31: 서림어린이집
B32: 시등어린이집
B33: 신생어린이집
B34: 아트빌어린이집
B35: 예닮어린이집
B36: 예찬어린이집
B37: 원광유치원
B38: 천진어린이집
B39: 한듬어린이집
... B42: 화산어린이집
C43: =SUM(C23:C42) -> 0 | D43: =SUM(D23:D42) -> 0 | E43: =SUM(E23:E42) -> 0 | F43: =SUM(F23:F42) -> 0 | H43: =SUM(H23:H42) -> 0 | I43: =SUM(I23:I42) -> 0 | J43: =SUM(J23:J42) -> 0 | K43: =SUM(K23:K42) -> 1 | L43: =SUM(L23:L42) -> 1 | M43: =SUM(M23:M42) -> 1 | N43: =SUM(N23:N42) -> 1 | O43: =SUM(O23:O42) -> 0 | ... S43: =SUM(S23:S42) -> 0
A44: 땅끝 농협 | B44: 서정초등학교 | F44: 4
B45: 송지고등학교 | C45: 10 | I45: 1
B46: 송지중학교 | E46: 3 | N46: 1
B47: 송지초등학교
B48: 송호초등학교
B49: 어란진초등학교
B50: 해남공업고등학교 | H50: 3
B51: 해남제일중학교 | C51: 14 | E51: 2 | H51: 2 | L51: 2
C52: =SUM(C44:C51) -> 24 | D52: =SUM(D44:D51) -> 0 | E52: =SUM(E44:E51) -> 5 | F52: =SUM(F44:F51) -> 4 | H52: =SUM(H44:H51) -> 5 | I52: =SUM(I44:I51) -> 1 | J52: =SUM(J44:J51) -> 0 | K52: =SUM(K44:K51) -> 0 | L52: =SUM(L44:L51) -> 2 | M52: =SUM(M44:M51) -> 0 | N52: =SUM(N44:N51) -> 1 | O52: =SUM(O44:O51) -> 0 | ... S52: =SUM(S44:S51) -> 0
A53: 참솔 | B53: 계곡초등학교 | F53: 3
B54: 삼산초등학교 | C54: 2 | F54: 5 | R54: 1
B55: 옥천초등학교 | F55: 7
B56: 해남동초등학교 | C56: 20 | E56: 10 | J56: 2 | R56: 2
B57: 해남서초등학교 | C57: 8 | E57: 5 | K57: 1 | N57: 1
B58: 해남중학교 | J58: 2 | K58: 2 | N58: 2
B59: 해오름유치원
B60: 화산중학교 | F60: 1 | J60: 1
B61: 화산초등학교 | H61: 1
C62: =SUM(C53:C61) -> 30 | D62: =SUM(D53:D61) -> 0 | E62: =SUM(E53:E61) -> 15 | F62: =SUM(F53:F61) -> 16 | H62: =SUM(H53:H61) -> 1 | I62: =SUM(I53:I61) -> 0 | J62: =SUM(J53:J61) -> 5 | K62: =SUM(K53:K61) -> 3 | L62: =SUM(L53:L61) -> 0 | M62: =SUM(M53:M61) -> 0 | N62: =SUM(N53:N61) -> 3 | O62: =SUM(O53:O61) -> 0 | ... S62: =SUM(S53:S61) -> 0
A64: 단가 | C64: 47000 | D64: 4700 | E64: 58000 | F64: 5800 | H64: 5800 | I64: 4700 | J64: 6800 | K64: 5200 | L64: 20700 | M64: 6400 | N64: 18700 | O64: 25700 | P64: 8800 | Q64: 21700 | R64: 15000 | S64: 18000 | U64: =P67*0.85 -> 3562860 | Y64: =P69-P67 -> 0
A65: 금액 | C65: =C64*C3 -> 2538000 | D65: =D64*D3 -> 0 | E65: =E64*E3 -> 1160000 | F65: =F64*F3 -> 116000 | H65: =H64*H3 -> 34800 | I65: =I64*I3 -> 4700 | J65: =J64*J3 -> 40800 | K65: =K64*K3 -> 36400 | L65: =L64*L3 -> 82800 | M65: =M64*M3 -> 12800 | N65: =N64*N3 -> 93500 | O65: =O64*O3 -> 0 | ... S65: =S64*S3 -> 18000
P67: =SUM(C65:S65) -> 4191600
P69: 4191600 | U69: =P69*0.85 -> 3562860
C74: =C64*0.85 -> 39950 | D74: =D64*0.85 -> 3995 | E74: =E64*0.85 -> 49300 | F74: =F64*0.85 -> 4930 | H74: =H64*0.85 -> 4930 | I74: =I64*0.85 -> 3995 | J74: =J64*0.85 -> 5780 | K74: =K64*0.85 -> 4420 | L74: =L64*0.85 -> 17595 | M74: =M64*0.85 -> 5440 | N74: =N64*0.85 -> 15895 | O74: =O64*0.85 -> 21845 | ... S74: =S64*0.85 -> 15300
C75: 29500 | D75: 2950 | E75: 51000 | F75: 5100 | H75: 3600 | I75: 2950 | J75: 4000 | K75: 4200 | L75: 15000 | M75: 4500 | N75: 9500 | O75: 12000 | P75: 8000 | Q75: 12000 | R75: 8500
C76: =C74-C75 -> 10450 | D76: =D74-D75 -> 1045 | E76: =E74-E75 -> -1700 | F76: =F74-F75 -> -170 | H76: =H74-H75 -> 1330 | I76: =I74-I75 -> 1045 | J76: =J74-J75 -> 1780 | K76: =K74-K75 -> 220 | L76: =L74-L75 -> 2595 | M76: =M74-M75 -> 940 | N76: =N74-N75 -> 6395 | O76: =O74-O75 -> 9845 | ... R76: =R74-R75 -> 4250
C77: =C76*C3 -> 564300 | D77: =D76*D3 -> 0 | E77: =E76*E3 -> -34000 | F77: =F76*F3 -> -3400 | G77: =G76*G3 -> 0 | H77: =H76*H3 -> 7980 | I77: =I76*I3 -> 1045 | J77: =J76*J3 -> 10680 | ... R77: =R76*R3 -> 12750
P79: =SUM(C77:R77) -> 604610

Sheet 공장동03.20
A1: 3/20(금) 해남군공공급식 (3/23~3/27 발주량) | C1: 유기농 백미 천지향 ( ) | E1: 유기농 찹쌀 ( ) | H1: 급식센터 입고 | I1: 유기농 찹쌀현미 ( ) | J1: 유기농 현미 ( ) | K1: 유기농 귀리 (박태일) | L1: 유기농 보리 (김종원) | M1: 유기농 기장 (박태일) | N1: 유기농 흑미 (오점기) | O1: 유기농 차조 (임정옥) | P1: 유기농 팥 (신승철) | Q1: 유기농 발아현미 (곽해용) | R1: 유기농 쥐눈이콩 (신승철) | S1: 유기농 수수 (윤영식) | T1: 유기농 서리태 (신승철)
C2: 10kg | D2: 1kg | E2: 10kg | F2: 1kg | I2: 1kg | J2: 1kg | K2: 1kg | L2: 1kg | M2: 1kg | N2: 1kg | O2: 1kg | P2: 1kg | Q2: 1kg | R2: 1kg | S2: 1kg | T2: 1kg
A3: 품목별 소계 | C3: =SUM(C4:C20) -> 44 | D3: =SUM(D4:D20) -> 0 | E3: =SUM(E4:E20) -> 20 | F3: =SUM(F4:F20) -> 20 | H3: 품목별 소계 | I3: =SUM(I4:I15) -> 5 | J3: =SUM(J4:J15) -> 1 | K3: =SUM(K4:K15) -> 6 | L3: =SUM(L4:L15) -> 7 | M3: =SUM(M4:M15) -> 4 | N3: =SUM(N4:N15) -> 2 | O3: =SUM(O4:O15) -> 5 | P3: =SUM(P4:P15) -> 0 | ... T3: =SUM(T4:T15) -> 1
A4: 싱싱유통 | C4: ='학교별03.20'!C22 -> 0 | D4: ='학교별03.20'!D22 -> 0 | E4: ='학교별03.20'!E22 -> 0 | F4: ='학교별03.20'!F22 -> 0 | H4: 싱싱유통 | I4: ='학교별03.20'!H22 -> 0 | J4: ='학교별03.20'!I22 -> 0 | K4: ='학교별03.20'!J22 -> 1 | L4: ='학교별03.20'!K22 -> 3 | M4: ='학교별03.20'!L22 -> 1 | N4: ='학교별03.20'!M22 -> 1 | O4: ='학교별03.20'!N22 -> 0 | P4: ='학교별03.20'!O22 -> 0 | ... T4: ='학교별03.20'!S22 -> 1
A7: 공공급식센터 | C7: ='학교별03.20'!C43 -> 0 | D7: ='학교별03.20'!D43 -> 0 | E7: ='학교별03.20'!E43 -> 0 | F7: ='학교별03.20'!F43 -> 0 | H7: 급식센터 | I7: ='학교별03.20'!H43 -> 0 | J7: ='학교별03.20'!I43 -> 0 | K7: ='학교별03.20'!J43 -> 0 | L7: ='학교별03.20'!K43 -> 1 | M7: ='학교별03.20'!L43 -> 1 | N7: ='학교별03.20'!M43 -> 1 | O7: ='학교별03.20'!N43 -> 1 | P7: ='학교별03.20'!O43 -> 0 | ... T7: ='학교별03.20'!S43 -> 0
A10: 땅끝농협 | C10: ='학교별03.20'!C52 -> 24 | D10: ='학교별03.20'!D52 -> 0 | E10: ='학교별03.20'!E52 -> 5 | F10: ='학교별03.20'!F52 -> 4 | H10: 땅끝농협 | I10: ='학교별03.20'!H52 -> 5 | J10: ='학교별03.20'!I52 -> 1 | K10: ='학교별03.20'!J52 -> 0 | L10: ='학교별03.20'!K52 -> 0 | M10: ='학교별03.20'!L52 -> 2 | N10: ='학교별03.20'!M52 -> 0 | O10: ='학교별03.20'!N52 -> 1 | P10: ='학교별03.20'!O52 -> 0 | ... T10: ='학교별03.20'!S52 -> 0
A11: 송지고 보관 요청 | C11: -10
A14: 참솔 | C14: ='학교별03.20'!C62 -> 30 | D14: ='학교별03.20'!D62 -> 0 | E14: ='학교별03.20'!E62 -> 15 | F14: ='학교별03.20'!F62 -> 16 | H14: 참솔 | I14: ='학교별03.20'!H62 -> 1 | J14: ='학교별03.20'!I62 -> 0 | K14: ='학교별03.20'!J62 -> 5 | L14: ='학교별03.20'!K62 -> 3 | M14: ='학교별03.20'!L62 -> 0 | N14: ='학교별03.20'!M62 -> 0 | O14: ='학교별03.20'!N62 -> 3 | P14: ='학교별03.20'!O62 -> 0 | ... T14: ='학교별03.20'!S62 -> 0
A15: 화산초 찰현미 선입고 완료 | I15: -1

Sheet 학교별03.27
A1: 3/27(금) 해남군공공급식 (3/30~4/3 발주량) | C1: 유기농 백미 ( ) | E1: 유기농 찹쌀 ( ) | H1: 유기농 찹쌀현미 ( ) | I1: 유기농 현미 ( ) | J1: 유기농 귀리 ( ) | K1: 유기농 보리 ( ) | L1: 유기농 기장 ( ) | M1: 유기농 흑미 ( ) | N1: 유기농 차조 ( ) | O1: 유기농 팥 ( ) | P1: 유기농 발아현미 ( ) | Q1: 유기농 쥐눈이콩 ( ) | R1: 유기농 수수 ( ) | S1: 유기농 서리태 ( )
C2: 10kg | D2: 1kg | E2: 10kg | F2: 1kg | H2: 1kg | I2: 1kg | J2: 1kg | K2: 1kg | L2: 1kg | M2: 1kg | N2: 1kg | O2: 1kg | P2: 1kg | Q2: 1kg | R2: 1kg | S2: 1kg
A3: 업체 | B3: 품목별 소계 | C3: =C22+C43+C52+C62 -> 120 | D3: =D22+D43+D52+D62 -> 0 | E3: =E22+E43+E52+E62 -> 21 | F3: =F22+F43+F52+F62 -> 90 | H3: =H22+H43+H52+H62 -> 9 | I3: =I22+I43+I52+I62 -> 5 | J3: =J22+J43+J52+J62 -> 4 | K3: =K22+K43+K52+K62 -> 12 | L3: =L22+L43+L52+L62 -> 7 | M3: =M22+M43+M52+M62 -> 2 | N3: =N22+N43+N52+N62 -> 10 | O3: =O22+O43+O52+O62 -> 0 | ... S3: =S22+S43+S52+S62 -> 0 | T3: =D3*10 -> 0 | U3: =F3*10+E3 -> 921 | V3: =SUM(H3:Q3) -> 51 | W3: =SUM(T3:V3) -> 972
A4: 싱싱 유통 | B4: 두륜중학교
B5: 마산초등학교 | F5: 1 | J5: 1 | K5: 1
B6: 북일초등학교 | L6: 1 | R6: 1
B7: 북평중학교 | L7: 1
B8: 북평초등학교 | K8: 1
B9: 산이서초등학교 | C9: 4 | K9: 1
B10: 산이중학교
B11: 산이초등학교 | C11: 3 | F11: 6
B12: 우수영중학교 | C12: 8 | F12: 25
B13: 우수영초등학교 | H13: 1 | L13: 1
B14: 해남고등학교
B15: 현산중학교 | C15: 6 | H15: 1 | J15: 1
B16: 현산초등학교 | F16: 20 | R16: 1
B17: 화원고등학교
B18: 화원중학교
B19: 화원초등학교 | C19: 1 | F19: 3 | K19: 1 | N19: 1
B20: 황산중학교 | C20: 5
B21: 황산초등학교 | C21: 4 | F21: 3 | N21: 1
C22: =SUM(C4:C21) -> 31 | D22: =SUM(D4:D21) -> 0 | E22: =SUM(E4:E21) -> 0 | F22: =SUM(F4:F21) -> 58 | H22: =SUM(H4:H21) -> 2 | I22: =SUM(I4:I21) -> 0 | J22: =SUM(J4:J21) -> 2 | K22: =SUM(K4:K21) -> 4 | L22: =SUM(L4:L21) -> 3 | M22: =SUM(M4:M21) -> 0 | N22: =SUM(N4:N21) -> 2 | O22: =SUM(O4:O21) -> 0 | ... S22: =SUM(S4:S21) -> 0
A23: 공공 급식 센터 | B23: 공립시등어린이집 | C23: 2
B24: 공립한듬어린이집 | C24: 3 | F24: 20
B25: 공립화원어린이집
B26: 공립해남어린이집
B27: 공립해담어린이집 | C27: 2 | E27: 1
B28: 동심어린이집
B29: 리틀어린이집
B30: 미래클유치원 | C30: 7 | E30: 2 | L30: 1
B31: 벧엘특수어린이집
B32: 산이어린이집 | C32: 1
B33: 색동어린이집
B34: 서림어린이집
B35: 신생어린이집
B36: 아트빌어린이집 | C36: 20 | E36: 10 | I36: 5
B37: 예닮어린이집 | L37: 1
B38: 예찬어린이집 | C38: 5
B39: 원광유치원
B40: 천진어린이집
B41: 해남원광어린이집
B42: 화산어린이집
C43: =SUM(C23:C42) -> 40 | D43: =SUM(D23:D42) -> 0 | E43: =SUM(E23:E42) -> 13 | F43: =SUM(F23:F42) -> 20 | H43: =SUM(H23:H42) -> 0 | I43: =SUM(I23:I42) -> 5 | J43: =SUM(J23:J42) -> 0 | K43: =SUM(K23:K42) -> 0 | L43: =SUM(L23:L42) -> 2 | M43: =SUM(M23:M42) -> 0 | N43: =SUM(N23:N42) -> 0 | O43: =SUM(O23:O42) -> 0 | ... S43: =SUM(S23:S42) -> 0
A44: 땅끝 농협 | B44: 서정초등학교
B45: 송지고등학교
B46: 송지중학교 | M46: 1 | R46: 1
B47: 송지초등학교 | K47: 1
B48: 송호초등학교
B49: 어란진초등학교 | F49: 5 | J49: 1
B50: 해남공업고등학교 | C50: 38 | E50: 8 | H50: 6 | K50: 6
B51: 해남제일중학교 | H51: 1 | J51: 1 | M51: 1
C52: =SUM(C44:C51) -> 38 | D52: =SUM(D44:D51) -> 0 | E52: =SUM(E44:E51) -> 8 | F52: =SUM(F44:F51) -> 5 | H52: =SUM(H44:H51) -> 7 | I52: =SUM(I44:I51) -> 0 | J52: =SUM(J44:J51) -> 2 | K52: =SUM(K44:K51) -> 7 | L52: =SUM(L44:L51) -> 0 | M52: =SUM(M44:M51) -> 2 | N52: =SUM(N44:N51) -> 0 | O52: =SUM(O44:O51) -> 0 | ... S52: =SUM(S44:S51) -> 0
A53: 참솔 | B53: 계곡초등학교 | F53: 2
B54: 삼산초등학교 | F54: 2 | K54: 1
B55: 옥천초등학교 | F55: 3
B56: 해남동초등학교 | L56: 2 | N56: 2 | P56: 2
B57: 해남서초등학교 | C57: 6 | N57: 1 | R57: 1
B58: 해남중학교 | N58: 4
B59: 해오름유치원 | C59: 5 | N59: 1
B60: 화산중학교
B61: 화산초등학교
C62: =SUM(C53:C61) -> 11 | D62: =SUM(D53:D61) -> 0 | E62: =SUM(E53:E61) -> 0 | F62: =SUM(F53:F61) -> 7 | H62: =SUM(H53:H61) -> 0 | I62: =SUM(I53:I61) -> 0 | J62: =SUM(J53:J61) -> 0 | K62: =SUM(K53:K61) -> 1 | L62: =SUM(L53:L61) -> 2 | M62: =SUM(M53:M61) -> 0 | N62: =SUM(N53:N61) -> 8 | O62: =SUM(O53:O61) -> 0 | ... S62: =SUM(S53:S61) -> 0
A64: 단가 | C64: 47000 | D64: 4700 | E64: 58000 | F64: 5800 | H64: 5800 | I64: 4700 | J64: 6800 | K64: 5200 | L64: 20700 | M64: 6400 | N64: 18700 | O64: 25700 | P64: 8800 | Q64: 21700 | R64: 15000 | S64: 18000 | U64: =P67*0.85 -> 6772460 | Y64: =P69-P67 -> 0
A65: 금액 | C65: =C64*C3 -> 5640000 | D65: =D64*D3 -> 0 | E65: =E64*E3 -> 1218000 | F65: =F64*F3 -> 522000 | H65: =H64*H3 -> 52200 | I65: =I64*I3 -> 23500 | J65: =J64*J3 -> 27200 | K65: =K64*K3 -> 62400 | L65: =L64*L3 -> 144900 | M65: =M64*M3 -> 12800 | N65: =N64*N3 -> 187000 | O65: =O64*O3 -> 0 | ... S65: =S64*S3 -> 0
P67: =SUM(C65:S65) -> 7967600
P69: 7967600 | U69: =P69*0.85 -> 6772460
C74: =C64*0.85 -> 39950 | D74: =D64*0.85 -> 3995 | E74: =E64*0.85 -> 49300 | F74: =F64*0.85 -> 4930 | H74: =H64*0.85 -> 4930 | I74: =I64*0.85 -> 3995 | J74: =J64*0.85 -> 5780 | K74: =K64*0.85 -> 4420 | L74: =L64*0.85 -> 17595 | M74: =M64*0.85 -> 5440 | N74: =N64*0.85 -> 15895 | O74: =O64*0.85 -> 21845 | ... S74: =S64*0.85 -> 15300
C75: 29500 | D75: 2950 | E75: 51000 | F75: 5100 | H75: 3600 | I75: 2950 | J75: 4000 | K75: 4200 | L75: 15000 | M75: 4500 | N75: 9500 | O75: 12000 | P75: 8000 | Q75: 12000 | R75: 8500
C76: =C74-C75 -> 10450 | D76: =D74-D75 -> 1045 | E76: =E74-E75 -> -1700 | F76: =F74-F75 -> -170 | H76: =H74-H75 -> 1330 | I76: =I74-I75 -> 1045 | J76: =J74-J75 -> 1780 | K76: =K74-K75 -> 220 | L76: =L74-L75 -> 2595 | M76: =M74-M75 -> 940 | N76: =N74-N75 -> 6395 | O76: =O74-O75 -> 9845 | ... R76: =R74-R75 -> 4250
C77: =C76*C3 -> 1254000 | D77: =D76*D3 -> 0 | E77: =E76*E3 -> -35700 | F77: =F76*F3 -> -15300 | G77: =G76*G3 -> 0 | H77: =H76*H3 -> 11970 | I77: =I76*I3 -> 5225 | J77: =J76*J3 -> 7120 | ... R77: =R76*R3 -> 17000
P79: =SUM(C77:R77) -> 1329910

Sheet 공장동03.27
A1: 3/27(금) 해남군공공급식 (3/30~4/3 발주량) | C1: 유기농 백미 천지향 ( ) | E1: 유기농 찹쌀 ( ) | H1: 급식센터 입고 | I1: 유기농 찹쌀현미 ( ) | J1: 유기농 현미 ( ) | K1: 유기농 귀리 (박태일) | L1: 유기농 보리 (김종원) | M1: 유기농 기장 (박태일) | N1: 유기농 흑미 (오점기) | O1: 유기농 차조 (임정옥) | P1: 유기농 팥 (신승철) | Q1: 유기농 발아현미 (박오주) | R1: 유기농 쥐눈이콩 (신승철) | S1: 유기농 수수 (윤영식) | T1: 유기농 서리태 ( )
C2: 10kg | D2: 1kg | E2: 10kg | F2: 1kg | I2: 1kg | J2: 1kg | K2: 1kg | L2: 1kg | M2: 1kg | N2: 1kg | O2: 1kg | P2: 1kg | Q2: 1kg | R2: 1kg | S2: 1kg | T2: 1kg
A3: 품목별 소계 | C3: =SUM(C4:C19) -> 115 | D3: =SUM(D4:D19) -> 0 | E3: =SUM(E4:E19) -> 21 | F3: =SUM(F4:F19) -> 90 | H3: 품목별 소계 | I3: =SUM(I4:I14) -> 9 | J3: =SUM(J4:J14) -> 5 | K3: =SUM(K4:K14) -> 4 | L3: =SUM(L4:L14) -> 12 | M3: =SUM(M4:M14) -> 7 | N3: =SUM(N4:N14) -> 2 | O3: =SUM(O4:O14) -> 10 | P3: =SUM(P4:P14) -> 0 | ... T3: =SUM(T4:T14) -> 0
A4: 싱싱유통 | C4: ='학교별03.27'!C22 -> 31 | D4: ='학교별03.27'!D22 -> 0 | E4: ='학교별03.27'!E22 -> 0 | F4: ='학교별03.27'!F22 -> 58 | H4: 싱싱유통 | I4: ='학교별03.27'!H22 -> 2 | J4: ='학교별03.27'!I22 -> 0 | K4: ='학교별03.27'!J22 -> 2 | L4: ='학교별03.27'!K22 -> 4 | M4: ='학교별03.27'!L22 -> 3 | N4: ='학교별03.27'!M22 -> 0 | O4: ='학교별03.27'!N22 -> 2 | P4: ='학교별03.27'!O22 -> 0 | ... T4: ='학교별03.27'!S22 -> 0
A7: 공공급식센터 | C7: ='학교별03.27'!C43 -> 40 | D7: ='학교별03.27'!D43 -> 0 | E7: ='학교별03.27'!E43 -> 13 | F7: ='학교별03.27'!F43 -> 20 | H7: 급식센터 | I7: ='학교별03.27'!H43 -> 0 | J7: ='학교별03.27'!I43 -> 5 | K7: ='학교별03.27'!J43 -> 0 | L7: ='학교별03.27'!K43 -> 0 | M7: ='학교별03.27'!L43 -> 2 | N7: ='학교별03.27'!M43 -> 0 | O7: ='학교별03.27'!N43 -> 0 | P7: ='학교별03.27'!O43 -> 0 | ... T7: ='학교별03.27'!S43 -> 0
A10: 땅끝농협 | C10: ='학교별03.27'!C52 -> 38 | D10: ='학교별03.27'!D52 -> 0 | E10: ='학교별03.27'!E52 -> 8 | F10: ='학교별03.27'!F52 -> 5 | H10: 땅끝농협 | I10: ='학교별03.27'!H52 -> 7 | J10: ='학교별03.27'!I52 -> 0 | K10: ='학교별03.27'!J52 -> 2 | L10: ='학교별03.27'!K52 -> 7 | M10: ='학교별03.27'!L52 -> 0 | N10: ='학교별03.27'!M52 -> 2 | O10: ='학교별03.27'!N52 -> 0 | P10: ='학교별03.27'!O52 -> 0 | ... T10: ='학교별03.27'!S52 -> 0
A13: 참솔 | C13: ='학교별03.27'!C62 -> 11 | D13: ='학교별03.27'!D62 -> 0 | E13: ='학교별03.27'!E62 -> 0 | F13: ='학교별03.27'!F62 -> 7 | H13: 참솔 | I13: ='학교별03.27'!H62 -> 0 | J13: ='학교별03.27'!I62 -> 0 | K13: ='학교별03.27'!J62 -> 0 | L13: ='학교별03.27'!K62 -> 1 | M13: ='학교별03.27'!L62 -> 2 | N13: ='학교별03.27'!M62 -> 0 | O13: ='학교별03.27'!N62 -> 8 | P13: ='학교별03.27'!O62 -> 0 | ... T13: ='학교별03.27'!S62 -> 0
A14: 해오름 선입고 완료 | C14: -5

Sheet 학교별04.03
A1: 4/3(금) 해남군공공급식 (4/6~4/10 발주량) | C1: 유기농 백미 ( ) | E1: 유기농 찹쌀 ( ) | H1: 유기농 찹쌀현미 ( ) | I1: 유기농 현미 ( ) | J1: 유기농 귀리 ( ) | K1: 유기농 보리 ( ) | L1: 유기농 기장 ( ) | M1: 유기농 흑미 ( ) | N1: 유기농 차조 ( ) | O1: 유기농 팥 ( ) | P1: 유기농 발아현미 ( ) | Q1: 유기농 쥐눈이콩 ( ) | R1: 유기농 수수 ( ) | S1: 유기농 서리태 ( )
C2: 10kg | D2: 1kg | E2: 10kg | F2: 1kg | H2: 1kg | I2: 1kg | J2: 1kg | K2: 1kg | L2: 1kg | M2: 1kg | N2: 1kg | O2: 1kg | P2: 1kg | Q2: 1kg | R2: 1kg | S2: 1kg
A3: 업체 | B3: 품목별 소계 | C3: =C22+C43+C52+C62 -> 104 | D3: =D22+D43+D52+D62 -> 0 | E3: =E22+E43+E52+E62 -> 9 | F3: =F22+F43+F52+F62 -> 50 | H3: =H22+H43+H52+H62 -> 0 | I3: =I22+I43+I52+I62 -> 0 | J3: =J22+J43+J52+J62 -> 1 | K3: =K22+K43+K52+K62 -> 3 | L3: =L22+L43+L52+L62 -> 10 | M3: =M22+M43+M52+M62 -> 3 | N3: =N22+N43+N52+N62 -> 6 | O3: =O22+O43+O52+O62 -> 0 | ... S3: =S22+S43+S52+S62 -> 0 | T3: =D3*10 -> 0 | U3: =F3*10+E3 -> 509 | V3: =SUM(H3:Q3) -> 26 | W3: =SUM(T3:V3) -> 535
A4: 싱싱 유통 | B4: 두륜중학교
B5: 마산초등학교 | C5: 2 | F5: 4 | N5: 1 | P5: 1
B6: 북일초등학교 | C6: 3 | F6: 8 | N6: 1
B7: 북평중학교 | C7: 5 | M7: 1
B8: 북평초등학교
B9: 산이서초등학교 | F9: 2 | J9: 1
B10: 산이중학교 | C10: 9 | F10: 10 | M10: 1
B11: 산이초등학교 | C11: 3 | F11: 5
B12: 우수영중학교
B13: 우수영초등학교 | C13: 2 | F13: 8 | L13: 1 | R13: 1
B14: 해남고등학교 | C14: 50 | E14: 5
B15: 현산중학교
B16: 현산초등학교 | C16: 8
B17: 화원고등학교
B18: 화원중학교 | C18: 11
B19: 화원초등학교 | C19: 2 | F19: 5 | L19: 1 | R19: 1
B20: 황산중학교 | F20: 3
B21: 황산초등학교 | F21: 5
C22: =SUM(C4:C21) -> 95 | D22: =SUM(D4:D21) -> 0 | E22: =SUM(E4:E21) -> 5 | F22: =SUM(F4:F21) -> 50 | H22: =SUM(H4:H21) -> 0 | I22: =SUM(I4:I21) -> 0 | J22: =SUM(J4:J21) -> 1 | K22: =SUM(K4:K21) -> 0 | L22: =SUM(L4:L21) -> 2 | M22: =SUM(M4:M21) -> 2 | N22: =SUM(N4:N21) -> 2 | O22: =SUM(O4:O21) -> 0 | ... S22: =SUM(S4:S21) -> 0
A23: 공공 급식 센터 | B23: 공립시등어린이집
B24: 공립한듬어린이집
B25: 공립화원어린이집
B26: 공립해남어린이집 | C26: 2 | E26: 1 | N26: 1
B27: 공립해담어린이집
B28: 동심어린이집
B29: 리틀어린이집
B30: 미래클유치원 | N30: 1
B31: 벧엘특수어린이집 | C31: 2 | E31: 1
B32: 산이어린이집
B33: 색동어린이집 | C33: 2
B34: 서림어린이집
B35: 신생어린이집
B36: 아트빌어린이집
B37: 예닮어린이집 | E37: 1
B38: 예찬어린이집
B39: 원광유치원
B40: 천진어린이집
B41: 해남원광어린이집
B42: 화산어린이집 | C42: 3 | E42: 1
C43: =SUM(C23:C42) -> 9 | D43: =SUM(D23:D42) -> 0 | E43: =SUM(E23:E42) -> 4 | F43: =SUM(F23:F42) -> 0 | H43: =SUM(H23:H42) -> 0 | I43: =SUM(I23:I42) -> 0 | J43: =SUM(J23:J42) -> 0 | K43: =SUM(K23:K42) -> 0 | L43: =SUM(L23:L42) -> 0 | M43: =SUM(M23:M42) -> 0 | N43: =SUM(N23:N42) -> 2 | O43: =SUM(O23:O42) -> 0 | ... S43: =SUM(S23:S42) -> 0
A44: 땅끝 농협 | B44: 서정초등학교
B45: 송지고등학교
B46: 송지중학교 | L46: 1 | R46: 1
B47: 송지초등학교 | K47: 1
B48: 송호초등학교
B49: 어란진초등학교
B50: 해남공업고등학교
B51: 해남제일중학교 | L51: 2 | M51: 1
C52: =SUM(C44:C51) -> 0 | D52: =SUM(D44:D51) -> 0 | E52: =SUM(E44:E51) -> 0 | F52: =SUM(F44:F51) -> 0 | H52: =SUM(H44:H51) -> 0 | I52: =SUM(I44:I51) -> 0 | J52: =SUM(J44:J51) -> 0 | K52: =SUM(K44:K51) -> 1 | L52: =SUM(L44:L51) -> 3 | M52: =SUM(M44:M51) -> 1 | N52: =SUM(N44:N51) -> 0 | O52: =SUM(O44:O51) -> 0 | ... S52: =SUM(S44:S51) -> 0
A53: 참솔 | B53: 계곡초등학교
B54: 삼산초등학교 | L54: 1
B55: 옥천초등학교
B56: 해남동초등학교 | L56: 2 | N56: 2
B57: 해남서초등학교 | P57: 1
B58: 해남중학교 | K58: 2 | L58: 2 | R58: 2
B59: 해오름유치원 | R59: 1
B60: 화산중학교 | P60: 1
B61: 화산초등학교
C62: =SUM(C53:C61) -> 0 | D62: =SUM(D53:D61) -> 0 | E62: =SUM(E53:E61) -> 0 | F62: =SUM(F53:F61) -> 0 | H62: =SUM(H53:H61) -> 0 | I62: =SUM(I53:I61) -> 0 | J62: =SUM(J53:J61) -> 0 | K62: =SUM(K53:K61) -> 2 | L62: =SUM(L53:L61) -> 5 | M62: =SUM(M53:M61) -> 0 | N62: =SUM(N53:N61) -> 2 | O62: =SUM(O53:O61) -> 0 | ... S62: =SUM(S53:S61) -> 0
A64: 단가 | C64: 47000 | D64: 4700 | E64: 58000 | F64: 5800 | H64: 5800 | I64: 4700 | J64: 6800 | K64: 5200 | L64: 20700 | M64: 6400 | N64: 18700 | O64: 25700 | P64: 8800 | Q64: 21700 | R64: 15000 | S64: 18000 | U64: =P67*0.85 -> 5250620 | Y64: =P69-P67 -> 0
A65: 금액 | C65: =C64*C3 -> 4888000 | D65: =D64*D3 -> 0 | E65: =E64*E3 -> 522000 | F65: =F64*F3 -> 290000 | H65: =H64*H3 -> 0 | I65: =I64*I3 -> 0 | J65: =J64*J3 -> 6800 | K65: =K64*K3 -> 15600 | L65: =L64*L3 -> 207000 | M65: =M64*M3 -> 19200 | N65: =N64*N3 -> 112200 | O65: =O64*O3 -> 0 | ... S65: =S64*S3 -> 0
P67: =SUM(C65:S65) -> 6177200
P69: 6177200 | U69: =P69*0.85 -> 5250620
C74: =C64*0.85 -> 39950 | D74: =D64*0.85 -> 3995 | E74: =E64*0.85 -> 49300 | F74: =F64*0.85 -> 4930 | H74: =H64*0.85 -> 4930 | I74: =I64*0.85 -> 3995 | J74: =J64*0.85 -> 5780 | K74: =K64*0.85 -> 4420 | L74: =L64*0.85 -> 17595 | M74: =M64*0.85 -> 5440 | N74: =N64*0.85 -> 15895 | O74: =O64*0.85 -> 21845 | ... S74: =S64*0.85 -> 15300
C75: 29500 | D75: 2950 | E75: 51000 | F75: 5100 | H75: 3600 | I75: 2950 | J75: 4000 | K75: 4200 | L75: 15000 | M75: 4500 | N75: 9500 | O75: 12000 | P75: 8000 | Q75: 12000 | R75: 8500
C76: =C74-C75 -> 10450 | D76: =D74-D75 -> 1045 | E76: =E74-E75 -> -1700 | F76: =F74-F75 -> -170 | H76: =H74-H75 -> 1330 | I76: =I74-I75 -> 1045 | J76: =J74-J75 -> 1780 | K76: =K74-K75 -> 220 | L76: =L74-L75 -> 2595 | M76: =M74-M75 -> 940 | N76: =N74-N75 -> 6395 | O76: =O74-O75 -> 9845 | ... R76: =R74-R75 -> 4250
C77: =C76*C3 -> 1086800 | D77: =D76*D3 -> 0 | E77: =E76*E3 -> -15300 | F77: =F76*F3 -> -8500 | G77: =G76*G3 -> 0 | H77: =H76*H3 -> 0 | I77: =I76*I3 -> 0 | J77: =J76*J3 -> 1780 | ... R77: =R76*R3 -> 25500
P79: =SUM(C77:R77) -> 1156520

Sheet 공장동04.03
A1: 4/3(금) 해남군공공급식 (4/6~4/10 발주량) | C1: 유기농 백미 천지향 ( ) | E1: 유기농 찹쌀 ( ) | H1: 급식센터 입고 | I1: 유기농 찹쌀현미 ( ) | J1: 유기농 현미 ( ) | K1: 유기농 귀리 (박태일) | L1: 유기농 보리 (김종원) | M1: 유기농 기장 (박태일) | N1: 유기농 흑미 (오점기) | O1: 유기농 차조 (임정옥) | P1: 유기농 팥 (신승철) | Q1: 유기농 발아현미 (박오주) | R1: 유기농 쥐눈이콩 (신승철) | S1: 유기농 수수 (윤영식) | T1: 유기농 서리태 ( )
C2: 10kg | D2: 1kg | E2: 10kg | F2: 1kg | I2: 1kg | J2: 1kg | K2: 1kg | L2: 1kg | M2: 1kg | N2: 1kg | O2: 1kg | P2: 1kg | Q2: 1kg | R2: 1kg | S2: 1kg | T2: 1kg
A3: 품목별 소계 | C3: =SUM(C4:C19) -> 54 | D3: =SUM(D4:D19) -> 0 | E3: =SUM(E4:E19) -> 9 | F3: =SUM(F4:F19) -> 50 | H3: 품목별 소계 | I3: =SUM(I4:I14) -> 0 | J3: =SUM(J4:J14) -> 0 | K3: =SUM(K4:K14) -> 1 | L3: =SUM(L4:L14) -> 3 | M3: =SUM(M4:M14) -> 10 | N3: =SUM(N4:N14) -> 3 | O3: =SUM(O4:O14) -> 6 | P3: =SUM(P4:P14) -> 0 | ... T3: =SUM(T4:T14) -> 0
A4: 싱싱유통 | C4: ='학교별04.03'!C22 -> 95 | D4: ='학교별04.03'!D22 -> 0 | E4: ='학교별04.03'!E22 -> 5 | F4: ='학교별04.03'!F22 -> 50 | H4: 싱싱유통 | I4: ='학교별04.03'!H22 -> 0 | J4: ='학교별04.03'!I22 -> 0 | K4: ='학교별04.03'!J22 -> 1 | L4: ='학교별04.03'!K22 -> 0 | M4: ='학교별04.03'!L22 -> 2 | N4: ='학교별04.03'!M22 -> 2 | O4: ='학교별04.03'!N22 -> 2 | P4: ='학교별04.03'!O22 -> 0 | ... T4: ='학교별04.03'!S22 -> 0
A5: 해남고등학교 보관 요청 | C5: -50
A7: 공공급식센터 | C7: ='학교별04.03'!C43 -> 9 | D7: ='학교별04.03'!D43 -> 0 | E7: ='학교별04.03'!E43 -> 4 | F7: ='학교별04.03'!F43 -> 0 | H7: 급식센터 | I7: ='학교별04.03'!H43 -> 0 | J7: ='학교별04.03'!I43 -> 0 | K7: ='학교별04.03'!J43 -> 0 | L7: ='학교별04.03'!K43 -> 0 | M7: ='학교별04.03'!L43 -> 0 | N7: ='학교별04.03'!M43 -> 0 | O7: ='학교별04.03'!N43 -> 2 | P7: ='학교별04.03'!O43 -> 0 | ... T7: ='학교별04.03'!S43 -> 0
A10: 땅끝농협 | C10: ='학교별04.03'!C52 -> 0 | D10: ='학교별04.03'!D52 -> 0 | E10: ='학교별04.03'!E52 -> 0 | F10: ='학교별04.03'!F52 -> 0 | H10: 땅끝농협 | I10: ='학교별04.03'!H52 -> 0 | J10: ='학교별04.03'!I52 -> 0 | K10: ='학교별04.03'!J52 -> 0 | L10: ='학교별04.03'!K52 -> 1 | M10: ='학교별04.03'!L52 -> 3 | N10: ='학교별04.03'!M52 -> 1 | O10: ='학교별04.03'!N52 -> 0 | P10: ='학교별04.03'!O52 -> 0 | ... T10: ='학교별04.03'!S52 -> 0
A13: 참솔 | C13: ='학교별04.03'!C62 -> 0 | D13: ='학교별04.03'!D62 -> 0 | E13: ='학교별04.03'!E62 -> 0 | F13: ='학교별04.03'!F62 -> 0 | H13: 참솔 | I13: ='학교별04.03'!H62 -> 0 | J13: ='학교별04.03'!I62 -> 0 | K13: ='학교별04.03'!J62 -> 0 | L13: ='학교별04.03'!K62 -> 2 | M13: ='학교별04.03'!L62 -> 5 | N13: ='학교별04.03'!M62 -> 0 | O13: ='학교별04.03'!N62 -> 2 | P13: ='학교별04.03'!O62 -> 0 | ... T13: ='학교별04.03'!S62 -> 0

Sheet 학교별04.10
A1: 4/10(금) 해남군공공급식 (4/13~4/17 발주량) | C1: 유기농 백미 ( ) | E1: 유기농 찹쌀 ( ) | H1: 유기농 찹쌀현미 ( ) | I1: 유기농 현미 ( ) | J1: 유기농 귀리 ( ) | K1: 유기농 보리 ( ) | L1: 유기농 기장 ( ) | M1: 유기농 흑미 ( ) | N1: 유기농 차조 ( ) | O1: 유기농 팥 ( ) | P1: 유기농 발아현미 ( ) | Q1: 유기농 쥐눈이콩 ( ) | R1: 유기농 수수 ( ) | S1: 유기농 서리태 ( )
C2: 10kg | D2: 1kg | E2: 10kg | F2: 1kg | H2: 1kg | I2: 1kg | J2: 1kg | K2: 1kg | L2: 1kg | M2: 1kg | N2: 1kg | O2: 1kg | P2: 1kg | Q2: 1kg | R2: 1kg | S2: 1kg
A3: 업체 | B3: 품목별 소계 | C3: =C22+C43+C52+C62 -> 89 | D3: =D22+D43+D52+D62 -> 0 | E3: =E22+E43+E52+E62 -> 12 | F3: =F22+F43+F52+F62 -> 34 | H3: =H22+H43+H52+H62 -> 3 | I3: =I22+I43+I52+I62 -> 0 | J3: =J22+J43+J52+J62 -> 3 | K3: =K22+K43+K52+K62 -> 8 | L3: =L22+L43+L52+L62 -> 12 | M3: =M22+M43+M52+M62 -> 3 | N3: =N22+N43+N52+N62 -> 0 | O3: =O22+O43+O52+O62 -> 1 | ... S3: =S22+S43+S52+S62 -> 0 | T3: =D3*10 -> 0 | U3: =F3*10+E3 -> 352 | V3: =SUM(H3:Q3) -> 33 | W3: =SUM(T3:V3) -> 385
A4: 싱싱 유통 | B4: 두륜중학교
B5: 마산초등학교 | C5: 2 | F5: 5 | K5: 1 | L5: 1
B6: 북일초등학교 | C6: 3 | F6: 8
B7: 북평중학교
B8: 북평초등학교
B9: 산이서초등학교 | F9: 1 | M9: 1
B10: 산이중학교
B11: 산이초등학교 | O11: 1
B12: 우수영중학교
B13: 우수영초등학교 | C13: 2 | F13: 8
B14: 해남고등학교 | C14: 50 | E14: 5
B15: 현산중학교 | L15: 1
B16: 현산초등학교 | L16: 1
B17: 화원고등학교
B18: 화원중학교 | C18: 11 | E18: 3
B19: 화원초등학교 | F19: 5
B20: 황산중학교 | F20: 2
B21: 황산초등학교 | C21: 3 | F21: 5 | R21: 1
C22: =SUM(C4:C21) -> 71 | D22: =SUM(D4:D21) -> 0 | E22: =SUM(E4:E21) -> 8 | F22: =SUM(F4:F21) -> 34 | H22: =SUM(H4:H21) -> 0 | I22: =SUM(I4:I21) -> 0 | J22: =SUM(J4:J21) -> 0 | K22: =SUM(K4:K21) -> 1 | L22: =SUM(L4:L21) -> 3 | M22: =SUM(M4:M21) -> 1 | N22: =SUM(N4:N21) -> 0 | O22: =SUM(O4:O21) -> 1 | ... S22: =SUM(S4:S21) -> 0
A23: 공공 급식 센터 | B23: 공립시등어린이집 | C23: 2
B24: 공립한듬어린이집
B25: 공립화원어린이집
B26: 공립해남어린이집 | C26: 2 | J26: 1 | L26: 1
B27: 공립해담어린이집 | C27: 2 | E27: 1
B28: 동심어린이집
B29: 리틀어린이집
B30: 미래클유치원 | C30: 8 | E30: 3 | L30: 1
B31: 벧엘특수어린이집 | C31: 1
B32: 산이어린이집 | C32: 1
B33: 색동어린이집 | C33: 2
B34: 서림어린이집
B35: 신생어린이집
B36: 아트빌어린이집
B37: 예닮어린이집
B38: 예찬어린이집
B39: 원광유치원
B40: 천진어린이집
B41: 해남원광어린이집
B42: 화산어린이집
C43: =SUM(C23:C42) -> 18 | D43: =SUM(D23:D42) -> 0 | E43: =SUM(E23:E42) -> 4 | F43: =SUM(F23:F42) -> 0 | H43: =SUM(H23:H42) -> 0 | I43: =SUM(I23:I42) -> 0 | J43: =SUM(J23:J42) -> 1 | K43: =SUM(K23:K42) -> 0 | L43: =SUM(L23:L42) -> 2 | M43: =SUM(M23:M42) -> 0 | N43: =SUM(N23:N42) -> 0 | O43: =SUM(O23:O42) -> 0 | ... S43: =SUM(S23:S42) -> 0
A44: 땅끝 농협 | B44: 서정초등학교
B45: 송지고등학교
B46: 송지중학교 | L46: 1 | M46: 1 | R46: 1
B47: 송지초등학교 | L47: 1 | R47: 1
B48: 송호초등학교 | L48: 1
B49: 어란진초등학교 | K49: 1
B50: 해남공업고등학교 | K50: 3
B51: 해남제일중학교 | H51: 2 | L51: 2 | M51: 1
C52: =SUM(C44:C51) -> 0 | D52: =SUM(D44:D51) -> 0 | E52: =SUM(E44:E51) -> 0 | F52: =SUM(F44:F51) -> 0 | H52: =SUM(H44:H51) -> 2 | I52: =SUM(I44:I51) -> 0 | J52: =SUM(J44:J51) -> 0 | K52: =SUM(K44:K51) -> 4 | L52: =SUM(L44:L51) -> 5 | M52: =SUM(M44:M51) -> 2 | N52: =SUM(N44:N51) -> 0 | O52: =SUM(O44:O51) -> 0 | ... S52: =SUM(S44:S51) -> 0
A53: 참솔 | B53: 계곡초등학교 | L53: 1
B54: 삼산초등학교
B55: 옥천초등학교
B56: 해남동초등학교 | K56: 2 | P56: 2 | R56: 2
B57: 해남서초등학교 | P57: 1 | R57: 1
B58: 해남중학교 | J58: 2
B59: 해오름유치원 | L59: 1
B60: 화산중학교 | K60: 1
B61: 화산초등학교 | H61: 1
C62: =SUM(C53:C61) -> 0 | D62: =SUM(D53:D61) -> 0 | E62: =SUM(E53:E61) -> 0 | F62: =SUM(F53:F61) -> 0 | H62: =SUM(H53:H61) -> 1 | I62: =SUM(I53:I61) -> 0 | J62: =SUM(J53:J61) -> 2 | K62: =SUM(K53:K61) -> 3 | L62: =SUM(L53:L61) -> 2 | M62: =SUM(M53:M61) -> 0 | N62: =SUM(N53:N61) -> 0 | O62: =SUM(O53:O61) -> 0 | ... S62: =SUM(S53:S61) -> 0
A64: 단가 | C64: 47000 | D64: 4700 | E64: 58000 | F64: 5800 | H64: 5800 | I64: 4700 | J64: 6800 | K64: 5200 | L64: 20700 | M64: 6400 | N64: 18700 | O64: 25700 | P64: 8800 | Q64: 21700 | R64: 15000 | S64: 18000 | U64: =P67*0.85 -> 4730505 | Y64: =P69-P67 -> 0
A65: 금액 | C65: =C64*C3 -> 4183000 | D65: =D64*D3 -> 0 | E65: =E64*E3 -> 696000 | F65: =F64*F3 -> 197200 | H65: =H64*H3 -> 17400 | I65: =I64*I3 -> 0 | J65: =J64*J3 -> 20400 | K65: =K64*K3 -> 41600 | L65: =L64*L3 -> 248400 | M65: =M64*M3 -> 19200 | N65: =N64*N3 -> 0 | O65: =O64*O3 -> 25700 | ... S65: =S64*S3 -> 0
P67: =SUM(C65:S65) -> 5565300
P69: 5565300 | U69: =P69*0.85 -> 4730505
C74: =C64*0.85 -> 39950 | D74: =D64*0.85 -> 3995 | E74: =E64*0.85 -> 49300 | F74: =F64*0.85 -> 4930 | H74: =H64*0.85 -> 4930 | I74: =I64*0.85 -> 3995 | J74: =J64*0.85 -> 5780 | K74: =K64*0.85 -> 4420 | L74: =L64*0.85 -> 17595 | M74: =M64*0.85 -> 5440 | N74: =N64*0.85 -> 15895 | O74: =O64*0.85 -> 21845 | ... S74: =S64*0.85 -> 15300
C75: 29500 | D75: 2950 | E75: 51000 | F75: 5100 | H75: 3600 | I75: 2950 | J75: 4000 | K75: 4200 | L75: 15000 | M75: 4500 | N75: 9500 | O75: 12000 | P75: 8000 | Q75: 12000 | R75: 8500
C76: =C74-C75 -> 10450 | D76: =D74-D75 -> 1045 | E76: =E74-E75 -> -1700 | F76: =F74-F75 -> -170 | H76: =H74-H75 -> 1330 | I76: =I74-I75 -> 1045 | J76: =J74-J75 -> 1780 | K76: =K74-K75 -> 220 | L76: =L74-L75 -> 2595 | M76: =M74-M75 -> 940 | N76: =N74-N75 -> 6395 | O76: =O74-O75 -> 9845 | ... R76: =R74-R75 -> 4250
C77: =C76*C3 -> 930050 | D77: =D76*D3 -> 0 | E77: =E76*E3 -> -20400 | F77: =F76*F3 -> -5780 | G77: =G76*G3 -> 0 | H77: =H76*H3 -> 3990 | I77: =I76*I3 -> 0 | J77: =J76*J3 -> 5340 | ... R77: =R76*R3 -> 25500
P79: =SUM(C77:R77) -> 982705

Sheet 공장동04.10
A1: 4/10(금) 해남군공공급식 (4/13~4/17 발주량) | C1: 유기농 백미 천지향 ( ) | E1: 유기농 찹쌀 ( ) | H1: 급식센터 입고 | I1: 유기농 찹쌀현미 ( ) | J1: 유기농 현미 ( ) | K1: 유기농 귀리 (박태일) | L1: 유기농 보리 (김종원) | M1: 유기농 기장 (박태일) | N1: 유기농 흑미 (오점기) | O1: 유기농 차조 (임정옥) | P1: 유기농 팥 (신승철) | Q1: 유기농 발아현미 (박오주) | R1: 유기농 쥐눈이콩 (신승철) | S1: 유기농 수수 (윤영식) | T1: 유기농 서리태 ( )
C2: 10kg | D2: 1kg | E2: 10kg | F2: 1kg | I2: 1kg | J2: 1kg | K2: 1kg | L2: 1kg | M2: 1kg | N2: 1kg | O2: 1kg | P2: 1kg | Q2: 1kg | R2: 1kg | S2: 1kg | T2: 1kg
A3: 품목별 소계 | C3: =SUM(C4:C19) -> 89 | D3: =SUM(D4:D19) -> 0 | E3: =SUM(E4:E19) -> 12 | F3: =SUM(F4:F19) -> 34 | H3: 품목별 소계 | I3: =SUM(I4:I14) -> 3 | J3: =SUM(J4:J14) -> 0 | K3: =SUM(K4:K14) -> 3 | L3: =SUM(L4:L14) -> 8 | M3: =SUM(M4:M14) -> 12 | N3: =SUM(N4:N14) -> 3 | O3: =SUM(O4:O14) -> 0 | P3: =SUM(P4:P14) -> 1 | ... T3: =SUM(T4:T14) -> 0
A4: 싱싱유통 | C4: ='학교별04.10'!C22 -> 71 | D4: ='학교별04.10'!D22 -> 0 | E4: ='학교별04.10'!E22 -> 8 | F4: ='학교별04.10'!F22 -> 34 | H4: 싱싱유통 | I4: ='학교별04.10'!H22 -> 0 | J4: ='학교별04.10'!I22 -> 0 | K4: ='학교별04.10'!J22 -> 0 | L4: ='학교별04.10'!K22 -> 1 | M4: ='학교별04.10'!L22 -> 3 | N4: ='학교별04.10'!M22 -> 1 | O4: ='학교별04.10'!N22 -> 0 | P4: ='학교별04.10'!O22 -> 1 | ... T4: ='학교별04.10'!S22 -> 0
A7: 공공급식센터 | C7: ='학교별04.10'!C43 -> 18 | D7: ='학교별04.10'!D43 -> 0 | E7: ='학교별04.10'!E43 -> 4 | F7: ='학교별04.10'!F43 -> 0 | H7: 급식센터 | I7: ='학교별04.10'!H43 -> 0 | J7: ='학교별04.10'!I43 -> 0 | K7: ='학교별04.10'!J43 -> 1 | L7: ='학교별04.10'!K43 -> 0 | M7: ='학교별04.10'!L43 -> 2 | N7: ='학교별04.10'!M43 -> 0 | O7: ='학교별04.10'!N43 -> 0 | P7: ='학교별04.10'!O43 -> 0 | ... T7: ='학교별04.10'!S43 -> 0
A10: 땅끝농협 | C10: ='학교별04.10'!C52 -> 0 | D10: ='학교별04.10'!D52 -> 0 | E10: ='학교별04.10'!E52 -> 0 | F10: ='학교별04.10'!F52 -> 0 | H10: 땅끝농협 | I10: ='학교별04.10'!H52 -> 2 | J10: ='학교별04.10'!I52 -> 0 | K10: ='학교별04.10'!J52 -> 0 | L10: ='학교별04.10'!K52 -> 4 | M10: ='학교별04.10'!L52 -> 5 | N10: ='학교별04.10'!M52 -> 2 | O10: ='학교별04.10'!N52 -> 0 | P10: ='학교별04.10'!O52 -> 0 | ... T10: ='학교별04.10'!S52 -> 0
A13: 참솔 | C13: ='학교별04.10'!C62 -> 0 | D13: ='학교별04.10'!D62 -> 0 | E13: ='학교별04.10'!E62 -> 0 | F13: ='학교별04.10'!F62 -> 0 | H13: 참솔 | I13: ='학교별04.10'!H62 -> 1 | J13: ='학교별04.10'!I62 -> 0 | K13: ='학교별04.10'!J62 -> 2 | L13: ='학교별04.10'!K62 -> 3 | M13: ='학교별04.10'!L62 -> 2 | N13: ='학교별04.10'!M62 -> 0 | O13: ='학교별04.10'!N62 -> 0 | P13: ='학교별04.10'!O62 -> 0 | ... T13: ='학교별04.10'!S62 -> 0

Sheet 학교별04.17
A1: 4/17(금) 해남군공공급식 (4/20~4/24 발주량) | C1: 유기농 백미 ( ) | E1: 유기농 찹쌀 ( ) | H1: 유기농 찹쌀현미 ( ) | I1: 유기농 현미 ( ) | J1: 유기농 귀리 ( ) | K1: 유기농 보리 ( ) | L1: 유기농 기장 ( ) | M1: 유기농 흑미 ( ) | N1: 유기농 차조 ( ) | O1: 유기농 팥 ( ) | P1: 유기농 발아현미 ( ) | Q1: 유기농 쥐눈이콩 ( ) | R1: 유기농 수수 ( ) | S1: 유기농 서리태 ( )
C2: 10kg | D2: 1kg | E2: 10kg | F2: 1kg | H2: 1kg | I2: 1kg | J2: 1kg | K2: 1kg | L2: 1kg | M2: 1kg | N2: 1kg | O2: 1kg | P2: 1kg | Q2: 1kg | R2: 1kg | S2: 1kg
A3: 업체 | B3: 품목별 소계 | C3: =C22+C43+C52+C62 -> 93 | D3: =D22+D43+D52+D62 -> 0 | E3: =E22+E43+E52+E62 -> 14 | F3: =F22+F43+F52+F62 -> 44 | H3: =H22+H43+H52+H62 -> 0 | I3: =I22+I43+I52+I62 -> 0 | J3: =J22+J43+J52+J62 -> 3 | K3: =K22+K43+K52+K62 -> 6 | L3: =L22+L43+L52+L62 -> 2 | M3: =M22+M43+M52+M62 -> 4 | N3: =N22+N43+N52+N62 -> 3 | O3: =O22+O43+O52+O62 -> 0 | ... S3: =S22+S43+S52+S62 -> 0 | T3: =D3*10 -> 0 | U3: =F3*10+E3 -> 454 | V3: =SUM(H3:Q3) -> 19 | W3: =SUM(T3:V3) -> 473
A4: 싱싱 유통 | B4: 두륜중학교
B5: 마산초등학교 | C5: 2 | F5: 4
B6: 북일초등학교 | C6: 3 | F6: 8
B7: 북평중학교 | K7: 1
B8: 북평초등학교
B9: 산이서초등학교 | F9: 2
B10: 산이중학교 | L10: 1 | R10: 1
B11: 산이초등학교
B12: 우수영중학교
B13: 우수영초등학교 | C13: 2 | F13: 8 | J13: 1 | M13: 1
B14: 해남고등학교 | C14: 50 | E14: 5
B15: 현산중학교
B16: 현산초등학교
B17: 화원고등학교
B18: 화원중학교 | C18: 10 | E18: 3
B19: 화원초등학교 | F19: 5
B20: 황산중학교 | C20: 3 | F20: 2
B21: 황산초등학교 | F21: 5
C22: =SUM(C4:C21) -> 70 | D22: =SUM(D4:D21) -> 0 | E22: =SUM(E4:E21) -> 8 | F22: =SUM(F4:F21) -> 34 | H22: =SUM(H4:H21) -> 0 | I22: =SUM(I4:I21) -> 0 | J22: =SUM(J4:J21) -> 1 | K22: =SUM(K4:K21) -> 1 | L22: =SUM(L4:L21) -> 1 | M22: =SUM(M4:M21) -> 1 | N22: =SUM(N4:N21) -> 0 | O22: =SUM(O4:O21) -> 0 | ... S22: =SUM(S4:S21) -> 0
A23: 공공 급식 센터 | B23: 공립시등어린이집
B24: 공립한듬어린이집 | C24: 3 | F24: 10
B25: 공립화원어린이집
B26: 공립해남어린이집 | C26: 2
B27: 공립해담어린이집
B28: 동심어린이집
B29: 리틀어린이집 | C29: 3 | E29: 1
B30: 미래클유치원
B31: 벧엘특수어린이집 | C31: 2
B32: 산이어린이집
B33: 색동어린이집 | C33: 2
B34: 서림어린이집 | C34: 10 | E34: 5
B35: 신생어린이집
B36: 아트빌어린이집
B37: 예닮어린이집 | C37: 1
B38: 예찬어린이집
B39: 원광유치원
B40: 천진어린이집
B41: 해남원광어린이집
B42: 화산어린이집
C43: =SUM(C23:C42) -> 23 | D43: =SUM(D23:D42) -> 0 | E43: =SUM(E23:E42) -> 6 | F43: =SUM(F23:F42) -> 10 | H43: =SUM(H23:H42) -> 0 | I43: =SUM(I23:I42) -> 0 | J43: =SUM(J23:J42) -> 0 | K43: =SUM(K23:K42) -> 0 | L43: =SUM(L23:L42) -> 0 | M43: =SUM(M23:M42) -> 0 | N43: =SUM(N23:N42) -> 0 | O43: =SUM(O23:O42) -> 0 | ... S43: =SUM(S23:S42) -> 0
A44: 땅끝 농협 | B44: 서정초등학교
B45: 송지고등학교
B46: 송지중학교
B47: 송지초등학교 | K47: 1
B48: 송호초등학교
B49: 어란진초등학교
B50: 해남공업고등학교 | K50: 4
B51: 해남제일중학교 | M51: 1
C52: =SUM(C44:C51) -> 0 | D52: =SUM(D44:D51) -> 0 | E52: =SUM(E44:E51) -> 0 | F52: =SUM(F44:F51) -> 0 | H52: =SUM(H44:H51) -> 0 | I52: =SUM(I44:I51) -> 0 | J52: =SUM(J44:J51) -> 0 | K52: =SUM(K44:K51) -> 5 | L52: =SUM(L44:L51) -> 0 | M52: =SUM(M44:M51) -> 1 | N52: =SUM(N44:N51) -> 0 | O52: =SUM(O44:O51) -> 0 | ... S52: =SUM(S44:S51) -> 0
A53: 참솔 | B53: 계곡초등학교
B54: 삼산초등학교
B55: 옥천초등학교
B56: 해남동초등학교 | M56: 2 | N56: 2
B57: 해남서초등학교 | N57: 1 | P57: 1 | R57: 1
B58: 해남중학교
B59: 해오름유치원 | J59: 1
B60: 화산중학교 | J60: 1
B61: 화산초등학교 | L61: 1 | R61: 1
C62: =SUM(C53:C61) -> 0 | D62: =SUM(D53:D61) -> 0 | E62: =SUM(E53:E61) -> 0 | F62: =SUM(F53:F61) -> 0 | H62: =SUM(H53:H61) -> 0 | I62: =SUM(I53:I61) -> 0 | J62: =SUM(J53:J61) -> 2 | K62: =SUM(K53:K61) -> 0 | L62: =SUM(L53:L61) -> 1 | M62: =SUM(M53:M61) -> 2 | N62: =SUM(N53:N61) -> 3 | O62: =SUM(O53:O61) -> 0 | ... S62: =SUM(S53:S61) -> 0
A64: 단가 | C64: 47000 | D64: 4700 | E64: 58000 | F64: 5800 | H64: 5800 | I64: 4700 | J64: 6800 | K64: 5200 | L64: 20700 | M64: 6400 | N64: 18700 | O64: 25700 | P64: 8800 | Q64: 18700 | R64: 15000 | S64: 18000 | U64: =P67*0.85 -> 4816695 | Y64: =P69-P67 -> 0
A65: 금액 | C65: =C64*C3 -> 4371000 | D65: =D64*D3 -> 0 | E65: =E64*E3 -> 812000 | F65: =F64*F3 -> 255200 | H65: =H64*H3 -> 0 | I65: =I64*I3 -> 0 | J65: =J64*J3 -> 20400 | K65: =K64*K3 -> 31200 | L65: =L64*L3 -> 41400 | M65: =M64*M3 -> 25600 | N65: =N64*N3 -> 56100 | O65: =O64*O3 -> 0 | ... S65: =S64*S3 -> 0
P67: =SUM(C65:S65) -> 5666700
P69: 5666700 | U69: =P69*0.85 -> 4816695
C74: =C64*0.85 -> 39950 | D74: =D64*0.85 -> 3995 | E74: =E64*0.85 -> 49300 | F74: =F64*0.85 -> 4930 | H74: =H64*0.85 -> 4930 | I74: =I64*0.85 -> 3995 | J74: =J64*0.85 -> 5780 | K74: =K64*0.85 -> 4420 | L74: =L64*0.85 -> 17595 | M74: =M64*0.85 -> 5440 | N74: =N64*0.85 -> 15895 | O74: =O64*0.85 -> 21845 | ... S74: =S64*0.85 -> 15300
C75: 29500 | D75: 2950 | E75: 51000 | F75: 5100 | H75: 3600 | I75: 2950 | J75: 4000 | K75: 4200 | L75: 15000 | M75: 4500 | N75: 9500 | O75: 12000 | P75: 8000 | Q75: 12000 | R75: 8500
C76: =C74-C75 -> 10450 | D76: =D74-D75 -> 1045 | E76: =E74-E75 -> -1700 | F76: =F74-F75 -> -170 | H76: =H74-H75 -> 1330 | I76: =I74-I75 -> 1045 | J76: =J74-J75 -> 1780 | K76: =K74-K75 -> 220 | L76: =L74-L75 -> 2595 | M76: =M74-M75 -> 940 | N76: =N74-N75 -> 6395 | O76: =O74-O75 -> 9845 | ... R76: =R74-R75 -> 4250
C77: =C76*C3 -> 971850 | D77: =D76*D3 -> 0 | E77: =E76*E3 -> -23800 | F77: =F76*F3 -> -7480 | G77: =G76*G3 -> 0 | H77: =H76*H3 -> 0 | I77: =I76*I3 -> 0 | J77: =J76*J3 -> 5340 | ... R77: =R76*R3 -> 12750
P79: =SUM(C77:R77) -> 987595

Sheet 공장동04.17
A1: 4/17(금) 해남군공공급식 (4/20~4/24 발주량) | C1: 유기농 백미 천지향 ( ) | E1: 유기농 찹쌀 ( ) | H1: 급식센터 입고 | I1: 유기농 찹쌀현미 ( ) | J1: 유기농 현미 ( ) | K1: 유기농 귀리 (박태일) | L1: 유기농 보리 (김종원) | M1: 유기농 기장 (박태일) | N1: 유기농 흑미 (오점기) | O1: 유기농 차조 (임정옥) | P1: 유기농 팥 (신승철) | Q1: 유기농 발아현미 (박오주) | R1: 유기농 쥐눈이콩 (신승철) | S1: 유기농 수수 (윤영식) | T1: 유기농 서리태 ( )
C2: 10kg | D2: 1kg | E2: 10kg | F2: 1kg | I2: 1kg | J2: 1kg | K2: 1kg | L2: 1kg | M2: 1kg | N2: 1kg | O2: 1kg | P2: 1kg | Q2: 1kg | R2: 1kg | S2: 1kg | T2: 1kg
A3: 품목별 소계 | C3: =SUM(C4:C19) -> 94 | D3: =SUM(D4:D19) -> 0 | E3: =SUM(E4:E19) -> 14 | F3: =SUM(F4:F19) -> 54 | H3: 품목별 소계 | I3: =SUM(I4:I14) -> 0 | J3: =SUM(J4:J14) -> 0 | K3: =SUM(K4:K14) -> 3 | L3: =SUM(L4:L14) -> 6 | M3: =SUM(M4:M14) -> 2 | N3: =SUM(N4:N14) -> 4 | O3: =SUM(O4:O14) -> 3 | P3: =SUM(P4:P14) -> 0 | ... T3: =SUM(T4:T14) -> 0
A4: 싱싱유통 | C4: ='학교별04.17'!C22 -> 70 | D4: ='학교별04.17'!D22 -> 0 | E4: ='학교별04.17'!E22 -> 8 | F4: ='학교별04.17'!F22 -> 34 | H4: 싱싱유통 | I4: ='학교별04.17'!H22 -> 0 | J4: ='학교별04.17'!I22 -> 0 | K4: ='학교별04.17'!J22 -> 1 | L4: ='학교별04.17'!K22 -> 1 | M4: ='학교별04.17'!L22 -> 1 | N4: ='학교별04.17'!M22 -> 1 | O4: ='학교별04.17'!N22 -> 0 | P4: ='학교별04.17'!O22 -> 0 | ... T4: ='학교별04.17'!S22 -> 0
A5: 북평초 선입고 요청 | C5: 1 | F5: 10
A7: 공공급식센터 | C7: ='학교별04.17'!C43 -> 23 | D7: ='학교별04.17'!D43 -> 0 | E7: ='학교별04.17'!E43 -> 6 | F7: ='학교별04.17'!F43 -> 10 | H7: 급식센터 | I7: ='학교별04.17'!H43 -> 0 | J7: ='학교별04.17'!I43 -> 0 | K7: ='학교별04.17'!J43 -> 0 | L7: ='학교별04.17'!K43 -> 0 | M7: ='학교별04.17'!L43 -> 0 | N7: ='학교별04.17'!M43 -> 0 | O7: ='학교별04.17'!N43 -> 0 | P7: ='학교별04.17'!O43 -> 0 | ... T7: ='학교별04.17'!S43 -> 0
A10: 땅끝농협 | C10: ='학교별04.17'!C52 -> 0 | D10: ='학교별04.17'!D52 -> 0 | E10: ='학교별04.17'!E52 -> 0 | F10: ='학교별04.17'!F52 -> 0 | H10: 땅끝농협 | I10: ='학교별04.17'!H52 -> 0 | J10: ='학교별04.17'!I52 -> 0 | K10: ='학교별04.17'!J52 -> 0 | L10: ='학교별04.17'!K52 -> 5 | M10: ='학교별04.17'!L52 -> 0 | N10: ='학교별04.17'!M52 -> 1 | O10: ='학교별04.17'!N52 -> 0 | P10: ='학교별04.17'!O52 -> 0 | ... T10: ='학교별04.17'!S52 -> 0
A13: 참솔 | C13: ='학교별04.17'!C62 -> 0 | D13: ='학교별04.17'!D62 -> 0 | E13: ='학교별04.17'!E62 -> 0 | F13: ='학교별04.17'!F62 -> 0 | H13: 참솔 | I13: ='학교별04.17'!H62 -> 0 | J13: ='학교별04.17'!I62 -> 0 | K13: ='학교별04.17'!J62 -> 2 | L13: ='학교별04.17'!K62 -> 0 | M13: ='학교별04.17'!L62 -> 1 | N13: ='학교별04.17'!M62 -> 2 | O13: ='학교별04.17'!N62 -> 3 | P13: ='학교별04.17'!O62 -> 0 | ... T13: ='학교별04.17'!S62 -> 0

Sheet 학교별04.24
A1: 4/24(금) 해남군공공급식 (4/27~4/30 발주량) | C1: 유기농 백미 ( ) | E1: 유기농 찹쌀 ( ) | H1: 유기농 찹쌀현미 ( ) | I1: 유기농 현미 ( ) | J1: 유기농 귀리 ( ) | K1: 유기농 보리 ( ) | L1: 유기농 기장 ( ) | M1: 유기농 흑미 ( ) | N1: 유기농 차조 ( ) | O1: 유기농 팥 ( ) | P1: 유기농 발아현미 ( ) | Q1: 유기농 쥐눈이콩 ( ) | R1: 유기농 수수 ( ) | S1: 유기농 서리태 ( )
C2: 10kg | D2: 1kg | E2: 10kg | F2: 1kg | H2: 1kg | I2: 1kg | J2: 1kg | K2: 1kg | L2: 1kg | M2: 1kg | N2: 1kg | O2: 1kg | P2: 1kg | Q2: 1kg | R2: 1kg | S2: 1kg
A3: 업체 | B3: 품목별 소계 | C3: =C22+C43+C52+C62 -> 18 | D3: =D22+D43+D52+D62 -> 0 | E3: =E22+E43+E52+E62 -> 2 | F3: =F22+F43+F52+F62 -> 30 | H3: =H22+H43+H52+H62 -> 6 | I3: =I22+I43+I52+I62 -> 2 | J3: =J22+J43+J52+J62 -> 1 | K3: =K22+K43+K52+K62 -> 2 | L3: =L22+L43+L52+L62 -> 6 | M3: =M22+M43+M52+M62 -> 3 | N3: =N22+N43+N52+N62 -> 3 | O3: =O22+O43+O52+O62 -> 0 | ... S3: =S22+S43+S52+S62 -> 0 | T3: =D3*10 -> 0 | U3: =F3*10+E3 -> 302 | V3: =SUM(H3:Q3) -> 23 | W3: =SUM(T3:V3) -> 325
A4: 싱싱 유통 | B4: 두륜중학교
B5: 마산초등학교 | C5: 2 | F5: 3
B6: 북일초등학교 | C6: 3 | F6: 8
B7: 북평중학교
B8: 북평초등학교
B9: 산이서초등학교 | F9: 1
B10: 산이중학교
B11: 산이초등학교
B12: 우수영중학교 | R12: 1
B13: 우수영초등학교 | C13: 2 | F13: 8 | J13: 1
B14: 해남고등학교
B15: 현산중학교
B16: 현산초등학교 | H16: 1
B17: 화원고등학교
B18: 화원중학교 | C18: 6
B19: 화원초등학교 | F19: 5 | H19: 1
B20: 황산중학교 | F20: 2
B21: 황산초등학교 | F21: 3 | I21: 1 | N21: 1
C22: =SUM(C4:C21) -> 13 | D22: =SUM(D4:D21) -> 0 | E22: =SUM(E4:E21) -> 0 | F22: =SUM(F4:F21) -> 30 | H22: =SUM(H4:H21) -> 2 | I22: =SUM(I4:I21) -> 1 | J22: =SUM(J4:J21) -> 1 | K22: =SUM(K4:K21) -> 0 | L22: =SUM(L4:L21) -> 0 | M22: =SUM(M4:M21) -> 0 | N22: =SUM(N4:N21) -> 1 | O22: =SUM(O4:O21) -> 0 | ... S22: =SUM(S4:S21) -> 0
A23: 공공 급식 센터 | B23: 공립시등어린이집
B24: 공립한듬어린이집
B25: 공립화원어린이집
B26: 공립해남어린이집 | C26: 2
B27: 공립해담어린이집
B28: 동심어린이집
B29: 리틀어린이집
B30: 미래클유치원 | I30: 1 | L30: 1
B31: 벧엘특수어린이집 | C31: 1 | E31: 1
B32: 산이어린이집
B33: 색동어린이집 | C33: 2 | L33: 2
B34: 서림어린이집
B35: 신생어린이집
B36: 아트빌어린이집
B37: 예닮어린이집 | E37: 1
B38: 예찬어린이집
B39: 원광유치원
B40: 천진어린이집
B41: 해남원광어린이집
B42: 화산어린이집
C43: =SUM(C23:C42) -> 5 | D43: =SUM(D23:D42) -> 0 | E43: =SUM(E23:E42) -> 2 | F43: =SUM(F23:F42) -> 0 | H43: =SUM(H23:H42) -> 0 | I43: =SUM(I23:I42) -> 1 | J43: =SUM(J23:J42) -> 0 | K43: =SUM(K23:K42) -> 0 | L43: =SUM(L23:L42) -> 3 | M43: =SUM(M23:M42) -> 0 | N43: =SUM(N23:N42) -> 0 | O43: =SUM(O23:O42) -> 0 | ... S43: =SUM(S23:S42) -> 0
A44: 땅끝 농협 | B44: 서정초등학교
B45: 송지고등학교
B46: 송지중학교 | L46: 1 | M46: 1
B47: 송지초등학교 | H47: 1 | K47: 1
B48: 송호초등학교 | H48: 1
B49: 어란진초등학교
B50: 해남공업고등학교
B51: 해남제일중학교 | H51: 2 | M51: 1
C52: =SUM(C44:C51) -> 0 | D52: =SUM(D44:D51) -> 0 | E52: =SUM(E44:E51) -> 0 | F52: =SUM(F44:F51) -> 0 | H52: =SUM(H44:H51) -> 4 | I52: =SUM(I44:I51) -> 0 | J52: =SUM(J44:J51) -> 0 | K52: =SUM(K44:K51) -> 1 | L52: =SUM(L44:L51) -> 1 | M52: =SUM(M44:M51) -> 2 | N52: =SUM(N44:N51) -> 0 | O52: =SUM(O44:O51) -> 0 | ... S52: =SUM(S44:S51) -> 0
A53: 참솔 | B53: 계곡초등학교 | K53: 1
B54: 삼산초등학교
B55: 옥천초등학교
B56: 해남동초등학교
B57: 해남서초등학교
B58: 해남중학교 | L58: 2 | M58: 1 | N58: 2
B59: 해오름유치원
B60: 화산중학교
B61: 화산초등학교
C62: =SUM(C53:C61) -> 0 | D62: =SUM(D53:D61) -> 0 | E62: =SUM(E53:E61) -> 0 | F62: =SUM(F53:F61) -> 0 | H62: =SUM(H53:H61) -> 0 | I62: =SUM(I53:I61) -> 0 | J62: =SUM(J53:J61) -> 0 | K62: =SUM(K53:K61) -> 1 | L62: =SUM(L53:L61) -> 2 | M62: =SUM(M53:M61) -> 1 | N62: =SUM(N53:N61) -> 2 | O62: =SUM(O53:O61) -> 0 | ... S62: =SUM(S53:S61) -> 0
A64: 단가 | C64: 47000 | D64: 4700 | E64: 58000 | F64: 5800 | H64: 5800 | I64: 4700 | J64: 6800 | K64: 5200 | L64: 20700 | M64: 6400 | N64: 18700 | O64: 25700 | P64: 8800 | Q64: 18700 | R64: 15000 | S64: 18000 | U64: =P67*0.85 -> 1200115 | Y64: =P69-P67 -> 0
A65: 금액 | C65: =C64*C3 -> 846000 | D65: =D64*D3 -> 0 | E65: =E64*E3 -> 116000 | F65: =F64*F3 -> 174000 | H65: =H64*H3 -> 34800 | I65: =I64*I3 -> 9400 | J65: =J64*J3 -> 6800 | K65: =K64*K3 -> 10400 | L65: =L64*L3 -> 124200 | M65: =M64*M3 -> 19200 | N65: =N64*N3 -> 56100 | O65: =O64*O3 -> 0 | ... S65: =S64*S3 -> 0
P67: =SUM(C65:S65) -> 1411900
P69: 1411900 | U69: =P69*0.85 -> 1200115
C74: =C64*0.85 -> 39950 | D74: =D64*0.85 -> 3995 | E74: =E64*0.85 -> 49300 | F74: =F64*0.85 -> 4930 | H74: =H64*0.85 -> 4930 | I74: =I64*0.85 -> 3995 | J74: =J64*0.85 -> 5780 | K74: =K64*0.85 -> 4420 | L74: =L64*0.85 -> 17595 | M74: =M64*0.85 -> 5440 | N74: =N64*0.85 -> 15895 | O74: =O64*0.85 -> 21845 | ... S74: =S64*0.85 -> 15300
C75: 29500 | D75: 2950 | E75: 51000 | F75: 5100 | H75: 3600 | I75: 2950 | J75: 4000 | K75: 4200 | L75: 15000 | M75: 4500 | N75: 9500 | O75: 12000 | P75: 8000 | Q75: 12000 | R75: 8500
C76: =C74-C75 -> 10450 | D76: =D74-D75 -> 1045 | E76: =E74-E75 -> -1700 | F76: =F74-F75 -> -170 | H76: =H74-H75 -> 1330 | I76: =I74-I75 -> 1045 | J76: =J74-J75 -> 1780 | K76: =K74-K75 -> 220 | L76: =L74-L75 -> 2595 | M76: =M74-M75 -> 940 | N76: =N74-N75 -> 6395 | O76: =O74-O75 -> 9845 | ... R76: =R74-R75 -> 4250
C77: =C76*C3 -> 188100 | D77: =D76*D3 -> 0 | E77: =E76*E3 -> -3400 | F77: =F76*F3 -> -5100 | G77: =G76*G3 -> 0 | H77: =H76*H3 -> 7980 | I77: =I76*I3 -> 2090 | J77: =J76*J3 -> 1780 | ... R77: =R76*R3 -> 4250
P79: =SUM(C77:R77) -> 233715

Sheet 공장동04.24
A1: 4/24(금) 해남군공공급식 (4/27~4/30 발주량) | C1: 유기농 백미 천지향 ( ) | E1: 유기농 찹쌀 ( ) | H1: 급식센터 입고 | I1: 유기농 찹쌀현미 ( ) | J1: 유기농 현미 ( ) | K1: 유기농 귀리 (박태일) | L1: 유기농 보리 (김종원) | M1: 유기농 기장 (박태일) | N1: 유기농 흑미 (오점기) | O1: 유기농 차조 (임정옥) | P1: 유기농 팥 (신승철) | Q1: 유기농 발아현미 (박오주) | R1: 유기농 쥐눈이콩 (신승철) | S1: 유기농 수수 (윤영식) | T1: 유기농 서리태 ( )
C2: 10kg | D2: 1kg | E2: 10kg | F2: 1kg | I2: 1kg | J2: 1kg | K2: 1kg | L2: 1kg | M2: 1kg | N2: 1kg | O2: 1kg | P2: 1kg | Q2: 1kg | R2: 1kg | S2: 1kg | T2: 1kg
A3: 품목별 소계 | C3: =SUM(C4:C20) -> 62 | D3: =SUM(D4:D20) -> 0 | E3: =SUM(E4:E20) -> 2 | F3: =SUM(F4:F20) -> 30 | H3: 품목별 소계 | I3: =SUM(I4:I15) -> 6 | J3: =SUM(J4:J15) -> 2 | K3: =SUM(K4:K15) -> 1 | L3: =SUM(L4:L15) -> 2 | M3: =SUM(M4:M15) -> 6 | N3: =SUM(N4:N15) -> 3 | O3: =SUM(O4:O15) -> 3 | P3: =SUM(P4:P15) -> 0 | ... T3: =SUM(T4:T15) -> 0
A4: 싱싱유통 | C4: ='학교별04.24'!C22 -> 13 | D4: ='학교별04.24'!D22 -> 0 | E4: ='학교별04.24'!E22 -> 0 | F4: ='학교별04.24'!F22 -> 30 | H4: 싱싱유통 | I4: ='학교별04.24'!H22 -> 2 | J4: ='학교별04.24'!I22 -> 1 | K4: ='학교별04.24'!J22 -> 1 | L4: ='학교별04.24'!K22 -> 0 | M4: ='학교별04.24'!L22 -> 0 | N4: ='학교별04.24'!M22 -> 0 | O4: ='학교별04.24'!N22 -> 1 | P4: ='학교별04.24'!O22 -> 0 | ... T4: ='학교별04.24'!S22 -> 0
A5: 해남고(4/28,4/29) | C5: 50
A6: 화원중 후입고 | C6: -6
A8: 공공급식센터 | C8: ='학교별04.24'!C43 -> 5 | D8: ='학교별04.24'!D43 -> 0 | E8: ='학교별04.24'!E43 -> 2 | F8: ='학교별04.24'!F43 -> 0 | H8: 급식센터 | I8: ='학교별04.24'!H43 -> 0 | J8: ='학교별04.24'!I43 -> 1 | K8: ='학교별04.24'!J43 -> 0 | L8: ='학교별04.24'!K43 -> 0 | M8: ='학교별04.24'!L43 -> 3 | N8: ='학교별04.24'!M43 -> 0 | O8: ='학교별04.24'!N43 -> 0 | P8: ='학교별04.24'!O43 -> 0 | ... T8: ='학교별04.24'!S43 -> 0
A11: 땅끝농협 | C11: ='학교별04.24'!C52 -> 0 | D11: ='학교별04.24'!D52 -> 0 | E11: ='학교별04.24'!E52 -> 0 | F11: ='학교별04.24'!F52 -> 0 | H11: 땅끝농협 | I11: ='학교별04.24'!H52 -> 4 | J11: ='학교별04.24'!I52 -> 0 | K11: ='학교별04.24'!J52 -> 0 | L11: ='학교별04.24'!K52 -> 1 | M11: ='학교별04.24'!L52 -> 1 | N11: ='학교별04.24'!M52 -> 2 | O11: ='학교별04.24'!N52 -> 0 | P11: ='학교별04.24'!O52 -> 0 | ... T11: ='학교별04.24'!S52 -> 0
A14: 참솔 | C14: ='학교별04.24'!C62 -> 0 | D14: ='학교별04.24'!D62 -> 0 | E14: ='학교별04.24'!E62 -> 0 | F14: ='학교별04.24'!F62 -> 0 | H14: 참솔 | I14: ='학교별04.24'!H62 -> 0 | J14: ='학교별04.24'!I62 -> 0 | K14: ='학교별04.24'!J62 -> 0 | L14: ='학교별04.24'!K62 -> 1 | M14: ='학교별04.24'!L62 -> 2 | N14: ='학교별04.24'!M62 -> 1 | O14: ='학교별04.24'!N62 -> 2 | P14: ='학교별04.24'!O62 -> 0 | ... T14: ='학교별04.24'!S62 -> 0

Sheet 학교별04.30
A1: 4/30(목) 해남군공공급식 (5/4~5/8 발주량) | C1: 유기농 백미 ( ) | E1: 유기농 찹쌀 ( ) | H1: 유기농 찹쌀현미 ( ) | I1: 유기농 현미 ( ) | J1: 유기농 귀리 ( ) | K1: 유기농 보리 ( ) | L1: 유기농 기장 ( ) | M1: 유기농 흑미 ( ) | N1: 유기농 차조 ( ) | O1: 유기농 팥 ( ) | P1: 유기농 발아현미 ( ) | Q1: 유기농 쥐눈이콩 ( ) | R1: 유기농 수수 ( ) | S1: 유기농 서리태 ( )
C2: 10kg | D2: 1kg | E2: 10kg | F2: 1kg | H2: 1kg | I2: 1kg | J2: 1kg | K2: 1kg | L2: 1kg | M2: 1kg | N2: 1kg | O2: 1kg | P2: 1kg | Q2: 1kg | R2: 1kg | S2: 1kg
A3: 업체 | B3: 품목별 소계 | C3: =C22+C43+C52+C62 -> 130 | D3: =D22+D43+D52+D62 -> 0 | E3: =E22+E43+E52+E62 -> 32 | F3: =F22+F43+F52+F62 -> 95 | H3: =H22+H43+H52+H62 -> 4 | I3: =I22+I43+I52+I62 -> 1 | J3: =J22+J43+J52+J62 -> 3 | K3: =K22+K43+K52+K62 -> 1 | L3: =L22+L43+L52+L62 -> 2 | M3: =M22+M43+M52+M62 -> 1 | N3: =N22+N43+N52+N62 -> 5 | O3: =O22+O43+O52+O62 -> 1 | ... S3: =S22+S43+S52+S62 -> 0 | T3: =D3*10 -> 0 | U3: =F3*10+E3 -> 982 | V3: =SUM(H3:Q3) -> 22 | W3: =SUM(T3:V3) -> 1004
A4: 싱싱 유통 | B4: 두륜중학교
B5: 마산초등학교
B6: 북일초등학교 | N6: 1
B7: 북평중학교
B8: 북평초등학교 | C8: 1 | F8: 10
B9: 산이서초등학교
B10: 산이중학교
B11: 산이초등학교
B12: 우수영중학교 | O12: 1
B13: 우수영초등학교 | I13: 1 | R13: 1
B14: 해남고등학교
B15: 현산중학교
B16: 현산초등학교
B17: 화원고등학교
B18: 화원중학교
B19: 화원초등학교
B20: 황산중학교 | H20: 1
B21: 황산초등학교 | N21: 1 | R21: 1
C22: =SUM(C4:C21) -> 1 | D22: =SUM(D4:D21) -> 0 | E22: =SUM(E4:E21) -> 0 | F22: =SUM(F4:F21) -> 10 | H22: =SUM(H4:H21) -> 1 | I22: =SUM(I4:I21) -> 1 | J22: =SUM(J4:J21) -> 0 | K22: =SUM(K4:K21) -> 0 | L22: =SUM(L4:L21) -> 0 | M22: =SUM(M4:M21) -> 0 | N22: =SUM(N4:N21) -> 2 | O22: =SUM(O4:O21) -> 1 | ... S22: =SUM(S4:S21) -> 0
A23: 공공 급식 센터 | B23: 공립시등어린이집
B24: 공립한듬어린이집
B25: 공립화원어린이집
B26: 공립해남어린이집 | N26: 1
B27: 공립해담어린이집
B28: 동심어린이집
B29: 리틀어린이집
B30: 미래클유치원 | N30: 1
B31: 벧엘특수어린이집
B32: 산이어린이집
B33: 색동어린이집 | N33: 1
B34: 서림어린이집
B35: 신생어린이집
B36: 아트빌어린이집
B37: 예닮어린이집 | L37: 1
B38: 예찬어린이집
B39: 원광유치원
B40: 천진어린이집
B41: 해남원광어린이집
B42: 화산어린이집
C43: =SUM(C23:C42) -> 0 | D43: =SUM(D23:D42) -> 0 | E43: =SUM(E23:E42) -> 0 | F43: =SUM(F23:F42) -> 0 | H43: =SUM(H23:H42) -> 0 | I43: =SUM(I23:I42) -> 0 | J43: =SUM(J23:J42) -> 0 | K43: =SUM(K23:K42) -> 0 | L43: =SUM(L23:L42) -> 1 | M43: =SUM(M23:M42) -> 0 | N43: =SUM(N23:N42) -> 3 | O43: =SUM(O23:O42) -> 0 | ... S43: =SUM(S23:S42) -> 0
A44: 땅끝 농협 | B44: 서정초등학교 | C44: 4 | F44: 5
B45: 송지고등학교 | E45: 2
B46: 송지중학교 | M46: 1
B47: 송지초등학교 | C47: 4 | F47: 10 | J47: 1
B48: 송호초등학교 | C48: 3
B49: 어란진초등학교 | C49: 5 | F49: 5
B50: 해남공업고등학교 | C50: 35 | E50: 8 | H50: 2
B51: 해남제일중학교
C52: =SUM(C44:C51) -> 51 | D52: =SUM(D44:D51) -> 0 | E52: =SUM(E44:E51) -> 10 | F52: =SUM(F44:F51) -> 20 | H52: =SUM(H44:H51) -> 2 | I52: =SUM(I44:I51) -> 0 | J52: =SUM(J44:J51) -> 1 | K52: =SUM(K44:K51) -> 0 | L52: =SUM(L44:L51) -> 0 | M52: =SUM(M44:M51) -> 1 | N52: =SUM(N44:N51) -> 0 | O52: =SUM(O44:O51) -> 0 | ... S52: =SUM(S44:S51) -> 0
A53: 참솔 | B53: 계곡초등학교 | C53: 4 | F53: 2 | L53: 1
B54: 삼산초등학교 | F54: 3 | H54: 1 | K54: 1
B55: 옥천초등학교 | C55: 2 | F55: 7
B56: 해남동초등학교 | C56: 40 | E56: 20 | P56: 2
B57: 해남서초등학교 | C57: 6 | E57: 2 | P57: 1
B58: 해남중학교 | C58: 18 | F58: 25 | J58: 2
B59: 해오름유치원 | C59: 5 | F59: 20
B60: 화산중학교
B61: 화산초등학교 | C61: 3 | F61: 8 | P61: 1 | R61: 1
C62: =SUM(C53:C61) -> 78 | D62: =SUM(D53:D61) -> 0 | E62: =SUM(E53:E61) -> 22 | F62: =SUM(F53:F61) -> 65 | H62: =SUM(H53:H61) -> 1 | I62: =SUM(I53:I61) -> 0 | J62: =SUM(J53:J61) -> 2 | K62: =SUM(K53:K61) -> 1 | L62: =SUM(L53:L61) -> 1 | M62: =SUM(M53:M61) -> 0 | N62: =SUM(N53:N61) -> 0 | O62: =SUM(O53:O61) -> 0 | ... S62: =SUM(S53:S61) -> 0
A64: 단가 | C64: 47000 | D64: 4700 | E64: 58000 | F64: 5800 | H64: 5800 | I64: 4700 | J64: 6800 | K64: 5200 | L64: 20700 | M64: 6400 | N64: 18700 | O64: 25700 | P64: 8800 | Q64: 18700 | R64: 15000 | S64: 18000 | U64: =P67*0.85 -> 7495045 | Y64: =P69-P67 -> 0
A65: 금액 | C65: =C64*C3 -> 6110000 | D65: =D64*D3 -> 0 | E65: =E64*E3 -> 1856000 | F65: =F64*F3 -> 551000 | H65: =H64*H3 -> 23200 | I65: =I64*I3 -> 4700 | J65: =J64*J3 -> 20400 | K65: =K64*K3 -> 5200 | L65: =L64*L3 -> 41400 | M65: =M64*M3 -> 6400 | N65: =N64*N3 -> 93500 | O65: =O64*O3 -> 25700 | ... S65: =S64*S3 -> 0
P67: =SUM(C65:S65) -> 8817700
P69: 8817700 | U69: =P69*0.85 -> 7495045
C74: =C64*0.85 -> 39950 | D74: =D64*0.85 -> 3995 | E74: =E64*0.85 -> 49300 | F74: =F64*0.85 -> 4930 | H74: =H64*0.85 -> 4930 | I74: =I64*0.85 -> 3995 | J74: =J64*0.85 -> 5780 | K74: =K64*0.85 -> 4420 | L74: =L64*0.85 -> 17595 | M74: =M64*0.85 -> 5440 | N74: =N64*0.85 -> 15895 | O74: =O64*0.85 -> 21845 | ... S74: =S64*0.85 -> 15300
C75: 29500 | D75: 2950 | E75: 51000 | F75: 5100 | H75: 3600 | I75: 2950 | J75: 4000 | K75: 4200 | L75: 15000 | M75: 4500 | N75: 9500 | O75: 12000 | P75: 8000 | Q75: 12000 | R75: 8500
C76: =C74-C75 -> 10450 | D76: =D74-D75 -> 1045 | E76: =E74-E75 -> -1700 | F76: =F74-F75 -> -170 | H76: =H74-H75 -> 1330 | I76: =I74-I75 -> 1045 | J76: =J74-J75 -> 1780 | K76: =K74-K75 -> 220 | L76: =L74-L75 -> 2595 | M76: =M74-M75 -> 940 | N76: =N74-N75 -> 6395 | O76: =O74-O75 -> 9845 | ... R76: =R74-R75 -> 4250
C77: =C76*C3 -> 1358500 | D77: =D76*D3 -> 0 | E77: =E76*E3 -> -54400 | F77: =F76*F3 -> -16150 | G77: =G76*G3 -> 0 | H77: =H76*H3 -> 5320 | I77: =I76*I3 -> 1045 | J77: =J76*J3 -> 5340 | ... R77: =R76*R3 -> 12750
P79: =SUM(C77:R77) -> 1358495

Sheet 공장동04.30
A1: 4/30(목) 해남군공공급식 (5/4~5/8 발주량) | C1: 유기농 백미 천지향 ( ) | E1: 유기농 찹쌀 ( ) | H1: 급식센터 입고 | I1: 유기농 찹쌀현미 ( ) | J1: 유기농 현미 ( ) | K1: 유기농 귀리 (박태일) | L1: 유기농 보리 (김종원) | M1: 유기농 기장 (박태일) | N1: 유기농 흑미 (오점기) | O1: 유기농 차조 (임정옥) | P1: 유기농 팥 (신승철) | Q1: 유기농 발아현미 (박오주) | R1: 유기농 쥐눈이콩 (신승철) | S1: 유기농 수수 (윤영식) | T1: 유기농 서리태 ( )
C2: 10kg | D2: 1kg | E2: 10kg | F2: 1kg | I2: 1kg | J2: 1kg | K2: 1kg | L2: 1kg | M2: 1kg | N2: 1kg | O2: 1kg | P2: 1kg | Q2: 1kg | R2: 1kg | S2: 1kg | T2: 1kg
A3: 품목별 소계 | C3: =SUM(C4:C20) -> 135 | D3: =SUM(D4:D20) -> 0 | E3: =SUM(E4:E20) -> 32 | F3: =SUM(F4:F20) -> 85 | H3: 품목별 소계 | I3: =SUM(I4:I15) -> 4 | J3: =SUM(J4:J15) -> 1 | K3: =SUM(K4:K15) -> 3 | L3: =SUM(L4:L15) -> 1 | M3: =SUM(M4:M15) -> 2 | N3: =SUM(N4:N15) -> 1 | O3: =SUM(O4:O15) -> 5 | P3: =SUM(P4:P15) -> 1 | ... T3: =SUM(T4:T15) -> 0
A4: 싱싱유통 | C4: ='학교별04.30'!C22 -> 1 | D4: ='학교별04.30'!D22 -> 0 | E4: ='학교별04.30'!E22 -> 0 | F4: ='학교별04.30'!F22 -> 10 | H4: 싱싱유통 | I4: ='학교별04.30'!H22 -> 1 | J4: ='학교별04.30'!I22 -> 1 | K4: ='학교별04.30'!J22 -> 0 | L4: ='학교별04.30'!K22 -> 0 | M4: ='학교별04.30'!L22 -> 0 | N4: ='학교별04.30'!M22 -> 0 | O4: ='학교별04.30'!N22 -> 2 | P4: ='학교별04.30'!O22 -> 1 | ... T4: ='학교별04.30'!S22 -> 0
A5: 북평초 선입고 완료 | C5: -1 | F5: -10
A6: 화원중 후입고 건 | C6: 6
A8: 공공급식센터 | C8: ='학교별04.30'!C43 -> 0 | D8: ='학교별04.30'!D43 -> 0 | E8: ='학교별04.30'!E43 -> 0 | F8: ='학교별04.30'!F43 -> 0 | H8: 급식센터 | I8: ='학교별04.30'!H43 -> 0 | J8: ='학교별04.30'!I43 -> 0 | K8: ='학교별04.30'!J43 -> 0 | L8: ='학교별04.30'!K43 -> 0 | M8: ='학교별04.30'!L43 -> 1 | N8: ='학교별04.30'!M43 -> 0 | O8: ='학교별04.30'!N43 -> 3 | P8: ='학교별04.30'!O43 -> 0 | ... T8: ='학교별04.30'!S43 -> 0
A11: 땅끝농협 | C11: ='학교별04.30'!C52 -> 51 | D11: ='학교별04.30'!D52 -> 0 | E11: ='학교별04.30'!E52 -> 10 | F11: ='학교별04.30'!F52 -> 20 | H11: 땅끝농협 | I11: ='학교별04.30'!H52 -> 2 | J11: ='학교별04.30'!I52 -> 0 | K11: ='학교별04.30'!J52 -> 1 | L11: ='학교별04.30'!K52 -> 0 | M11: ='학교별04.30'!L52 -> 0 | N11: ='학교별04.30'!M52 -> 1 | O11: ='학교별04.30'!N52 -> 0 | P11: ='학교별04.30'!O52 -> 0 | ... T11: ='학교별04.30'!S52 -> 0
A14: 참솔 | C14: ='학교별04.30'!C62 -> 78 | D14: ='학교별04.30'!D62 -> 0 | E14: ='학교별04.30'!E62 -> 22 | F14: ='학교별04.30'!F62 -> 65 | H14: 참솔 | I14: ='학교별04.30'!H62 -> 1 | J14: ='학교별04.30'!I62 -> 0 | K14: ='학교별04.30'!J62 -> 2 | L14: ='학교별04.30'!K62 -> 1 | M14: ='학교별04.30'!L62 -> 1 | N14: ='학교별04.30'!M62 -> 0 | O14: ='학교별04.30'!N62 -> 0 | P14: ='학교별04.30'!O62 -> 0 | ... T14: ='학교별04.30'!S62 -> 0

Sheet 학교별05.08
A1: 5/8(금) 해남군공공급식 (5/11~5/15 발주량) | C1: 유기농 백미 ( ) | E1: 유기농 찹쌀 ( ) | H1: 유기농 찹쌀현미 ( ) | I1: 유기농 현미 ( ) | J1: 유기농 귀리 ( ) | K1: 유기농 보리 ( ) | L1: 유기농 기장 ( ) | M1: 유기농 흑미 ( ) | N1: 유기농 차조 ( ) | O1: 유기농 팥 ( ) | P1: 유기농 발아현미 ( ) | Q1: 유기농 쥐눈이콩 ( ) | R1: 유기농 수수 ( ) | S1: 유기농 서리태 ( )
C2: 10kg | D2: 1kg | E2: 10kg | F2: 1kg | H2: 1kg | I2: 1kg | J2: 1kg | K2: 1kg | L2: 1kg | M2: 1kg | N2: 1kg | O2: 1kg | P2: 1kg | Q2: 1kg | R2: 1kg | S2: 1kg
A3: 업체 | B3: 품목별 소계 | C3: =C22+C43+C52+C62 -> 14 | D3: =D22+D43+D52+D62 -> 0 | E3: =E22+E43+E52+E62 -> 4 | F3: =F22+F43+F52+F62 -> 8 | H3: =H22+H43+H52+H62 -> 0 | I3: =I22+I43+I52+I62 -> 0 | J3: =J22+J43+J52+J62 -> 1 | K3: =K22+K43+K52+K62 -> 3 | L3: =L22+L43+L52+L62 -> 6 | M3: =M22+M43+M52+M62 -> 7 | N3: =N22+N43+N52+N62 -> 0 | O3: =O22+O43+O52+O62 -> 0 | ... S3: =S22+S43+S52+S62 -> 0 | T3: =D3*10 -> 0 | U3: =F3*10+E3 -> 84 | V3: =SUM(H3:Q3) -> 19 | W3: =SUM(T3:V3) -> 103
A4: 싱싱 유통 | B4: 두륜중학교
B5: 마산초등학교
B6: 북일초등학교
B7: 북평중학교 | K7: 1
B8: 북평초등학교 | R8: 1
B9: 산이서초등학교 | M9: 1
B10: 산이중학교 | M10: 1
B11: 산이초등학교
B12: 우수영중학교 | R12: 1
B13: 우수영초등학교
B14: 해남고등학교
B15: 현산중학교
B16: 현산초등학교 | R16: 1
B17: 화원고등학교
B18: 화원중학교
B19: 화원초등학교
B20: 황산중학교 | K20: 1
B21: 황산초등학교 | J21: 1 | L21: 1
C22: =SUM(C4:C21) -> 0 | D22: =SUM(D4:D21) -> 0 | E22: =SUM(E4:E21) -> 0 | F22: =SUM(F4:F21) -> 0 | H22: =SUM(H4:H21) -> 0 | I22: =SUM(I4:I21) -> 0 | J22: =SUM(J4:J21) -> 1 | K22: =SUM(K4:K21) -> 2 | L22: =SUM(L4:L21) -> 1 | M22: =SUM(M4:M21) -> 2 | N22: =SUM(N4:N21) -> 0 | O22: =SUM(O4:O21) -> 0 | ... S22: =SUM(S4:S21) -> 0
A23: 공공 급식 센터 | B23: 공립시등어린이집
B24: 공립한듬어린이집
B25: 공립화원어린이집
B26: 공립해남어린이집
B27: 공립해담어린이집
B28: 동심어린이집
B29: 리틀어린이집
B30: 미래클유치원 | L30: 1 | M30: 1
B31: 벧엘특수어린이집
B32: 산이어린이집
B33: 색동어린이집 | L33: 1
B34: 서림어린이집
B35: 신생어린이집
B36: 아트빌어린이집
B37: 예닮어린이집
B38: 예찬어린이집
B39: 원광유치원
B40: 천진어린이집
B41: 해남원광어린이집
B42: 화산어린이집
C43: =SUM(C23:C42) -> 0 | D43: =SUM(D23:D42) -> 0 | E43: =SUM(E23:E42) -> 0 | F43: =SUM(F23:F42) -> 0 | H43: =SUM(H23:H42) -> 0 | I43: =SUM(I23:I42) -> 0 | J43: =SUM(J23:J42) -> 0 | K43: =SUM(K23:K42) -> 0 | L43: =SUM(L23:L42) -> 2 | M43: =SUM(M23:M42) -> 1 | N43: =SUM(N23:N42) -> 0 | O43: =SUM(O23:O42) -> 0 | ... S43: =SUM(S23:S42) -> 0
A44: 땅끝 농협 | B44: 서정초등학교
B45: 송지고등학교 | E45: 2
B46: 송지중학교
B47: 송지초등학교 | C47: 4 | K47: 1 | R47: 1
B48: 송호초등학교
B49: 어란진초등학교
B50: 해남공업고등학교
B51: 해남제일중학교
C52: =SUM(C44:C51) -> 4 | D52: =SUM(D44:D51) -> 0 | E52: =SUM(E44:E51) -> 2 | F52: =SUM(F44:F51) -> 0 | H52: =SUM(H44:H51) -> 0 | I52: =SUM(I44:I51) -> 0 | J52: =SUM(J44:J51) -> 0 | K52: =SUM(K44:K51) -> 1 | L52: =SUM(L44:L51) -> 0 | M52: =SUM(M44:M51) -> 0 | N52: =SUM(N44:N51) -> 0 | O52: =SUM(O44:O51) -> 0 | ... S52: =SUM(S44:S51) -> 0
A53: 참솔 | B53: 계곡초등학교 | F53: 2
B54: 삼산초등학교 | F54: 5 | L54: 1
B55: 옥천초등학교
B56: 해남동초등학교 | M56: 2 | Q56: 2
B57: 해남서초등학교 | C57: 8 | E57: 2 | M57: 1 | R57: 1
B58: 해남중학교 | M58: 1
B59: 해오름유치원
B60: 화산중학교 | C60: 2 | F60: 1 | L60: 1
B61: 화산초등학교 | L61: 1
C62: =SUM(C53:C61) -> 10 | D62: =SUM(D53:D61) -> 0 | E62: =SUM(E53:E61) -> 2 | F62: =SUM(F53:F61) -> 8 | H62: =SUM(H53:H61) -> 0 | I62: =SUM(I53:I61) -> 0 | J62: =SUM(J53:J61) -> 0 | K62: =SUM(K53:K61) -> 0 | L62: =SUM(L53:L61) -> 3 | M62: =SUM(M53:M61) -> 4 | N62: =SUM(N53:N61) -> 0 | O62: =SUM(O53:O61) -> 0 | ... S62: =SUM(S53:S61) -> 0
A64: 단가 | C64: 47000 | D64: 4700 | E64: 58000 | F64: 5800 | H64: 5800 | I64: 4700 | J64: 6800 | K64: 5200 | L64: 20700 | M64: 6400 | N64: 18700 | O64: 25700 | P64: 8800 | Q64: 18700 | R64: 15000 | S64: 18000 | U64: =P67*0.85 -> 1054170 | Y64: =P69-P67 -> 0
A65: 금액 | C65: =C64*C3 -> 658000 | D65: =D64*D3 -> 0 | E65: =E64*E3 -> 232000 | F65: =F64*F3 -> 46400 | H65: =H64*H3 -> 0 | I65: =I64*I3 -> 0 | J65: =J64*J3 -> 6800 | K65: =K64*K3 -> 15600 | L65: =L64*L3 -> 124200 | M65: =M64*M3 -> 44800 | N65: =N64*N3 -> 0 | O65: =O64*O3 -> 0 | ... S65: =S64*S3 -> 0
P67: =SUM(C65:S65) -> 1240200
P69: 1240200 | U69: =P69*0.85 -> 1054170
C74: =C64*0.85 -> 39950 | D74: =D64*0.85 -> 3995 | E74: =E64*0.85 -> 49300 | F74: =F64*0.85 -> 4930 | H74: =H64*0.85 -> 4930 | I74: =I64*0.85 -> 3995 | J74: =J64*0.85 -> 5780 | K74: =K64*0.85 -> 4420 | L74: =L64*0.85 -> 17595 | M74: =M64*0.85 -> 5440 | N74: =N64*0.85 -> 15895 | O74: =O64*0.85 -> 21845 | ... S74: =S64*0.85 -> 15300
C75: 29500 | D75: 2950 | E75: 51000 | F75: 5100 | H75: 3600 | I75: 2950 | J75: 4000 | K75: 4200 | L75: 15000 | M75: 4500 | N75: 9500 | O75: 12000 | P75: 8000 | Q75: 12000 | R75: 8500
C76: =C74-C75 -> 10450 | D76: =D74-D75 -> 1045 | E76: =E74-E75 -> -1700 | F76: =F74-F75 -> -170 | H76: =H74-H75 -> 1330 | I76: =I74-I75 -> 1045 | J76: =J74-J75 -> 1780 | K76: =K74-K75 -> 220 | L76: =L74-L75 -> 2595 | M76: =M74-M75 -> 940 | N76: =N74-N75 -> 6395 | O76: =O74-O75 -> 9845 | ... R76: =R74-R75 -> 4250
C77: =C76*C3 -> 146300 | D77: =D76*D3 -> 0 | E77: =E76*E3 -> -6800 | F77: =F76*F3 -> -1360 | G77: =G76*G3 -> 0 | H77: =H76*H3 -> 0 | I77: =I76*I3 -> 0 | J77: =J76*J3 -> 1780 | ... R77: =R76*R3 -> 21250
P79: =SUM(C77:R77) -> 191770

Sheet 공장동05.08
A1: 5/8(금) 해남군공공급식 (5/11~5/15 발주량) | C1: 유기농 백미 천지향 ( ) | E1: 유기농 찹쌀 ( ) | H1: 급식센터 입고 | I1: 유기농 찹쌀현미 ( ) | J1: 유기농 현미 ( ) | K1: 유기농 귀리 (박태일) | L1: 유기농 보리 (김종원) | M1: 유기농 기장 (박태일) | N1: 유기농 흑미 (오점기) | O1: 유기농 차조 (임정옥) | P1: 유기농 팥 (신승철) | Q1: 유기농 발아현미 (박오주) | R1: 유기농 쥐눈이콩 (신승철) | S1: 유기농 수수 (윤영식) | T1: 유기농 서리태 ( )
C2: 10kg | D2: 1kg | E2: 10kg | F2: 1kg | I2: 1kg | J2: 1kg | K2: 1kg | L2: 1kg | M2: 1kg | N2: 1kg | O2: 1kg | P2: 1kg | Q2: 1kg | R2: 1kg | S2: 1kg | T2: 1kg
A3: 품목별 소계 | C3: =SUM(C4:C20) -> 14 | D3: =SUM(D4:D20) -> 0 | E3: =SUM(E4:E20) -> 4 | F3: =SUM(F4:F20) -> 8 | H3: 품목별 소계 | I3: =SUM(I4:I15) -> 0 | J3: =SUM(J4:J15) -> 0 | K3: =SUM(K4:K15) -> 1 | L3: =SUM(L4:L15) -> 3 | M3: =SUM(M4:M15) -> 6 | N3: =SUM(N4:N15) -> 7 | O3: =SUM(O4:O15) -> 0 | P3: =SUM(P4:P15) -> 0 | ... T3: =SUM(T4:T15) -> 0
A4: 싱싱유통 | C4: ='학교별05.08'!C22 -> 0 | D4: ='학교별05.08'!D22 -> 0 | E4: ='학교별05.08'!E22 -> 0 | F4: ='학교별05.08'!F22 -> 0 | H4: 싱싱유통 | I4: ='학교별05.08'!H22 -> 0 | J4: ='학교별05.08'!I22 -> 0 | K4: ='학교별05.08'!J22 -> 1 | L4: ='학교별05.08'!K22 -> 2 | M4: ='학교별05.08'!L22 -> 1 | N4: ='학교별05.08'!M22 -> 2 | O4: ='학교별05.08'!N22 -> 0 | P4: ='학교별05.08'!O22 -> 0 | ... T4: ='학교별05.08'!S22 -> 0
A8: 공공급식센터 | C8: ='학교별05.08'!C43 -> 0 | D8: ='학교별05.08'!D43 -> 0 | E8: ='학교별05.08'!E43 -> 0 | F8: ='학교별05.08'!F43 -> 0 | H8: 급식센터 | I8: ='학교별05.08'!H43 -> 0 | J8: ='학교별05.08'!I43 -> 0 | K8: ='학교별05.08'!J43 -> 0 | L8: ='학교별05.08'!K43 -> 0 | M8: ='학교별05.08'!L43 -> 2 | N8: ='학교별05.08'!M43 -> 1 | O8: ='학교별05.08'!N43 -> 0 | P8: ='학교별05.08'!O43 -> 0 | ... T8: ='학교별05.08'!S43 -> 0
A11: 땅끝농협 | C11: ='학교별05.08'!C52 -> 4 | D11: ='학교별05.08'!D52 -> 0 | E11: ='학교별05.08'!E52 -> 2 | F11: ='학교별05.08'!F52 -> 0 | H11: 땅끝농협 | I11: ='학교별05.08'!H52 -> 0 | J11: ='학교별05.08'!I52 -> 0 | K11: ='학교별05.08'!J52 -> 0 | L11: ='학교별05.08'!K52 -> 1 | M11: ='학교별05.08'!L52 -> 0 | N11: ='학교별05.08'!M52 -> 0 | O11: ='학교별05.08'!N52 -> 0 | P11: ='학교별05.08'!O52 -> 0 | ... T11: ='학교별05.08'!S52 -> 0
A14: 참솔 | C14: ='학교별05.08'!C62 -> 10 | D14: ='학교별05.08'!D62 -> 0 | E14: ='학교별05.08'!E62 -> 2 | F14: ='학교별05.08'!F62 -> 8 | H14: 참솔 | I14: ='학교별05.08'!H62 -> 0 | J14: ='학교별05.08'!I62 -> 0 | K14: ='학교별05.08'!J62 -> 0 | L14: ='학교별05.08'!K62 -> 0 | M14: ='학교별05.08'!L62 -> 3 | N14: ='학교별05.08'!M62 -> 4 | O14: ='학교별05.08'!N62 -> 0 | P14: ='학교별05.08'!O62 -> 0 | ... T14: ='학교별05.08'!S62 -> 0

Sheet 학교별05.15
A1: 5/15(금) 해남군공공급식 (5/18~5/22 발주량) | C1: 유기농 백미 ( ) | E1: 유기농 찹쌀 ( ) | H1: 유기농 찹쌀현미 ( ) | I1: 유기농 현미 ( ) | J1: 유기농 귀리 ( ) | K1: 유기농 보리 ( ) | L1: 유기농 기장 ( ) | M1: 유기농 흑미 ( ) | N1: 유기농 차조 ( ) | O1: 유기농 팥 ( ) | P1: 유기농 발아현미 ( ) | Q1: 유기농 쥐눈이콩 ( ) | R1: 유기농 수수 ( ) | S1: 유기농 서리태 ( )
C2: 10kg | D2: 1kg | E2: 10kg | F2: 1kg | H2: 1kg | I2: 1kg | J2: 1kg | K2: 1kg | L2: 1kg | M2: 1kg | N2: 1kg | O2: 1kg | P2: 1kg | Q2: 1kg | R2: 1kg | S2: 1kg
A3: 업체 | B3: 품목별 소계 | C3: =C22+C43+C52+C62 -> 95 | D3: =D22+D43+D52+D62 -> 0 | E3: =E22+E43+E52+E62 -> 34 | F3: =F22+F43+F52+F62 -> 35 | H3: =H22+H43+H52+H62 -> 0 | I3: =I22+I43+I52+I62 -> 0 | J3: =J22+J43+J52+J62 -> 4 | K3: =K22+K43+K52+K62 -> 6 | L3: =L22+L43+L52+L62 -> 2 | M3: =M22+M43+M52+M62 -> 0 | N3: =N22+N43+N52+N62 -> 6 | O3: =O22+O43+O52+O62 -> 0 | ... S3: =S22+S43+S52+S62 -> 0 | T3: =D3*10 -> 0 | U3: =F3*10+E3 -> 384 | V3: =SUM(H3:Q3) -> 21 | W3: =SUM(T3:V3) -> 405
A4: 싱싱 유통 | B4: 두륜중학교
B5: 마산초등학교
B6: 북일초등학교
B7: 북평중학교
B8: 북평초등학교
B9: 산이서초등학교
B10: 산이중학교
B11: 산이초등학교
B12: 우수영중학교 | K12: 1 | N12: 1
B13: 우수영초등학교 | J13: 1 | N13: 1
B14: 해남고등학교
B15: 현산중학교
B16: 현산초등학교 | L16: 1 | P16: 1
B17: 화원고등학교
B18: 화원중학교
B19: 화원초등학교
B20: 황산중학교 | P20: 1 | R20: 1
B21: 황산초등학교
C22: =SUM(C4:C21) -> 0 | D22: =SUM(D4:D21) -> 0 | E22: =SUM(E4:E21) -> 0 | F22: =SUM(F4:F21) -> 0 | H22: =SUM(H4:H21) -> 0 | I22: =SUM(I4:I21) -> 0 | J22: =SUM(J4:J21) -> 1 | K22: =SUM(K4:K21) -> 1 | L22: =SUM(L4:L21) -> 1 | M22: =SUM(M4:M21) -> 0 | N22: =SUM(N4:N21) -> 2 | O22: =SUM(O4:O21) -> 0 | ... S22: =SUM(S4:S21) -> 0
A23: 공공 급식 센터 | B23: 공립시등어린이집
B24: 공립한듬어린이집
B25: 공립화원어린이집
B26: 공립해남어린이집 | N26: 1
B27: 공립해담어린이집
B28: 동심어린이집
B29: 리틀어린이집
B30: 미래클유치원 | N30: 1
B31: 벧엘특수어린이집
B32: 산이어린이집
B33: 색동어린이집 | N33: 1
B34: 서림어린이집
B35: 신생어린이집
B36: 아트빌어린이집
B37: 예닮어린이집
B38: 예찬어린이집
B39: 원광유치원
B40: 천진어린이집
B41: 해남원광어린이집
B42: 화산어린이집
C43: =SUM(C23:C42) -> 0 | D43: =SUM(D23:D42) -> 0 | E43: =SUM(E23:E42) -> 0 | F43: =SUM(F23:F42) -> 0 | H43: =SUM(H23:H42) -> 0 | I43: =SUM(I23:I42) -> 0 | J43: =SUM(J23:J42) -> 0 | K43: =SUM(K23:K42) -> 0 | L43: =SUM(L23:L42) -> 0 | M43: =SUM(M23:M42) -> 0 | N43: =SUM(N23:N42) -> 3 | O43: =SUM(O23:O42) -> 0 | ... S43: =SUM(S23:S42) -> 0
A44: 땅끝 농협 | B44: 서정초등학교 | F44: 3
B45: 송지고등학교 | E45: 3
B46: 송지중학교
B47: 송지초등학교 | C47: 4 | F47: 10 | J47: 1
B48: 송호초등학교
B49: 어란진초등학교 | F49: 5
B50: 해남공업고등학교 | C50: 35 | E50: 8
B51: 해남제일중학교
C52: =SUM(C44:C51) -> 39 | D52: =SUM(D44:D51) -> 0 | E52: =SUM(E44:E51) -> 11 | F52: =SUM(F44:F51) -> 18 | H52: =SUM(H44:H51) -> 0 | I52: =SUM(I44:I51) -> 0 | J52: =SUM(J44:J51) -> 1 | K52: =SUM(K44:K51) -> 0 | L52: =SUM(L44:L51) -> 0 | M52: =SUM(M44:M51) -> 0 | N52: =SUM(N44:N51) -> 0 | O52: =SUM(O44:O51) -> 0 | ... S52: =SUM(S44:S51) -> 0
A53: 참솔 | B53: 계곡초등학교 | F53: 3 | Q53: 1
B54: 삼산초등학교 | C54: 1 | F54: 5
B55: 옥천초등학교 | C55: 3 | F55: 7
B56: 해남동초등학교 | C56: 40 | E56: 20 | J56: 2 | K56: 2 | R56: 2
B57: 해남서초등학교 | C57: 7 | E57: 3 | L57: 1 | N57: 1
B58: 해남중학교 | K58: 2
B59: 해오름유치원 | C59: 5
B60: 화산중학교 | F60: 2 | K60: 1
B61: 화산초등학교
C62: =SUM(C53:C61) -> 56 | D62: =SUM(D53:D61) -> 0 | E62: =SUM(E53:E61) -> 23 | F62: =SUM(F53:F61) -> 17 | H62: =SUM(H53:H61) -> 0 | I62: =SUM(I53:I61) -> 0 | J62: =SUM(J53:J61) -> 2 | K62: =SUM(K53:K61) -> 5 | L62: =SUM(L53:L61) -> 1 | M62: =SUM(M53:M61) -> 0 | N62: =SUM(N53:N61) -> 1 | O62: =SUM(O53:O61) -> 0 | ... S62: =SUM(S53:S61) -> 0
A64: 단가 | C64: 47000 | D64: 4700 | E64: 58000 | F64: 5800 | H64: 5800 | I64: 4700 | J64: 6800 | K64: 5200 | L64: 20700 | M64: 6400 | N64: 18700 | O64: 25700 | P64: 8800 | Q64: 18700 | R64: 15000 | S64: 18000 | U64: =P67*0.85 -> 5893305 | Y64: =P69-P67 -> 0
A65: 금액 | C65: =C64*C3 -> 4465000 | D65: =D64*D3 -> 0 | E65: =E64*E3 -> 1972000 | F65: =F64*F3 -> 203000 | H65: =H64*H3 -> 0 | I65: =I64*I3 -> 0 | J65: =J64*J3 -> 27200 | K65: =K64*K3 -> 31200 | L65: =L64*L3 -> 41400 | M65: =M64*M3 -> 0 | N65: =N64*N3 -> 112200 | O65: =O64*O3 -> 0 | ... S65: =S64*S3 -> 0
P67: =SUM(C65:S65) -> 6933300
P69: 6933300 | U69: =P69*0.85 -> 5893305
C74: =C64*0.85 -> 39950 | D74: =D64*0.85 -> 3995 | E74: =E64*0.85 -> 49300 | F74: =F64*0.85 -> 4930 | H74: =H64*0.85 -> 4930 | I74: =I64*0.85 -> 3995 | J74: =J64*0.85 -> 5780 | K74: =K64*0.85 -> 4420 | L74: =L64*0.85 -> 17595 | M74: =M64*0.85 -> 5440 | N74: =N64*0.85 -> 15895 | O74: =O64*0.85 -> 21845 | ... S74: =S64*0.85 -> 15300
C75: 29500 | D75: 2950 | E75: 51000 | F75: 5100 | H75: 3600 | I75: 2950 | J75: 4000 | K75: 4200 | L75: 15000 | M75: 4500 | N75: 9500 | O75: 12000 | P75: 8000 | Q75: 12000 | R75: 8500
C76: =C74-C75 -> 10450 | D76: =D74-D75 -> 1045 | E76: =E74-E75 -> -1700 | F76: =F74-F75 -> -170 | H76: =H74-H75 -> 1330 | I76: =I74-I75 -> 1045 | J76: =J74-J75 -> 1780 | K76: =K74-K75 -> 220 | L76: =L74-L75 -> 2595 | M76: =M74-M75 -> 940 | N76: =N74-N75 -> 6395 | O76: =O74-O75 -> 9845 | ... R76: =R74-R75 -> 4250
C77: =C76*C3 -> 992750 | D77: =D76*D3 -> 0 | E77: =E76*E3 -> -57800 | F77: =F76*F3 -> -5950 | G77: =G76*G3 -> 0 | H77: =H76*H3 -> 0 | I77: =I76*I3 -> 0 | J77: =J76*J3 -> 7120 | ... R77: =R76*R3 -> 12750
P79: =SUM(C77:R77) -> 996605

Sheet 공장동05.15
A1: 5/15(금) 해남군공공급식 (5/18~5/22 발주량) | C1: 유기농 백미 천지향 ( ) | E1: 유기농 찹쌀 ( ) | H1: 급식센터 입고 | I1: 유기농 찹쌀현미 ( ) | J1: 유기농 현미 ( ) | K1: 유기농 귀리 (박태일) | L1: 유기농 보리 (김종원) | M1: 유기농 기장 (박태일) | N1: 유기농 흑미 (오점기) | O1: 유기농 차조 (임정옥) | P1: 유기농 팥 (신승철) | Q1: 유기농 발아현미 (박오주) | R1: 유기농 쥐눈이콩 (신승철) | S1: 유기농 수수 (윤영식) | T1: 유기농 서리태 ( )
C2: 10kg | D2: 1kg | E2: 10kg | F2: 1kg | I2: 1kg | J2: 1kg | K2: 1kg | L2: 1kg | M2: 1kg | N2: 1kg | O2: 1kg | P2: 1kg | Q2: 1kg | R2: 1kg | S2: 1kg | T2: 1kg
A3: 품목별 소계 | C3: =SUM(C4:C20) -> 95 | D3: =SUM(D4:D20) -> 0 | E3: =SUM(E4:E20) -> 34 | F3: =SUM(F4:F20) -> 35 | H3: 품목별 소계 | I3: =SUM(I4:I15) -> 0 | J3: =SUM(J4:J15) -> 0 | K3: =SUM(K4:K15) -> 4 | L3: =SUM(L4:L15) -> 6 | M3: =SUM(M4:M15) -> 2 | N3: =SUM(N4:N15) -> 0 | O3: =SUM(O4:O15) -> 6 | P3: =SUM(P4:P15) -> 0 | ... T3: =SUM(T4:T15) -> 0
A4: 싱싱유통 | C4: ='학교별05.15'!C22 -> 0 | D4: ='학교별05.15'!D22 -> 0 | E4: ='학교별05.15'!E22 -> 0 | F4: ='학교별05.15'!F22 -> 0 | H4: 싱싱유통 | I4: ='학교별05.15'!H22 -> 0 | J4: ='학교별05.15'!I22 -> 0 | K4: ='학교별05.15'!J22 -> 1 | L4: ='학교별05.15'!K22 -> 1 | M4: ='학교별05.15'!L22 -> 1 | N4: ='학교별05.15'!M22 -> 0 | O4: ='학교별05.15'!N22 -> 2 | P4: ='학교별05.15'!O22 -> 0 | ... T4: ='학교별05.15'!S22 -> 0
A8: 공공급식센터 | C8: ='학교별05.15'!C43 -> 0 | D8: ='학교별05.15'!D43 -> 0 | E8: ='학교별05.15'!E43 -> 0 | F8: ='학교별05.15'!F43 -> 0 | H8: 급식센터 | I8: ='학교별05.15'!H43 -> 0 | J8: ='학교별05.15'!I43 -> 0 | K8: ='학교별05.15'!J43 -> 0 | L8: ='학교별05.15'!K43 -> 0 | M8: ='학교별05.15'!L43 -> 0 | N8: ='학교별05.15'!M43 -> 0 | O8: ='학교별05.15'!N43 -> 3 | P8: ='학교별05.15'!O43 -> 0 | ... T8: ='학교별05.15'!S43 -> 0
A11: 땅끝농협 | C11: ='학교별05.15'!C52 -> 39 | D11: ='학교별05.15'!D52 -> 0 | E11: ='학교별05.15'!E52 -> 11 | F11: ='학교별05.15'!F52 -> 18 | H11: 땅끝농협 | I11: ='학교별05.15'!H52 -> 0 | J11: ='학교별05.15'!I52 -> 0 | K11: ='학교별05.15'!J52 -> 1 | L11: ='학교별05.15'!K52 -> 0 | M11: ='학교별05.15'!L52 -> 0 | N11: ='학교별05.15'!M52 -> 0 | O11: ='학교별05.15'!N52 -> 0 | P11: ='학교별05.15'!O52 -> 0 | ... T11: ='학교별05.15'!S52 -> 0
A14: 참솔 | C14: ='학교별05.15'!C62 -> 56 | D14: ='학교별05.15'!D62 -> 0 | E14: ='학교별05.15'!E62 -> 23 | F14: ='학교별05.15'!F62 -> 17 | H14: 참솔 | I14: ='학교별05.15'!H62 -> 0 | J14: ='학교별05.15'!I62 -> 0 | K14: ='학교별05.15'!J62 -> 2 | L14: ='학교별05.15'!K62 -> 5 | M14: ='학교별05.15'!L62 -> 1 | N14: ='학교별05.15'!M62 -> 0 | O14: ='학교별05.15'!N62 -> 1 | P14: ='학교별05.15'!O62 -> 0 | ... T14: ='학교별05.15'!S62 -> 0

Sheet 학교별05.22
A1: 5/22(금) 해남군공공급식 (5/25~5/29 발주량) | C1: 유기농 백미 ( ) | E1: 유기농 찹쌀 ( ) | H1: 유기농 찹쌀현미 ( ) | I1: 유기농 현미 ( ) | J1: 유기농 귀리 ( ) | K1: 유기농 보리 ( ) | L1: 유기농 기장 ( ) | M1: 유기농 흑미 ( ) | N1: 유기농 차조 ( ) | O1: 유기농 팥 ( ) | P1: 유기농 발아현미 ( ) | Q1: 유기농 쥐눈이콩 ( ) | R1: 유기농 수수 ( ) | S1: 유기농 서리태 ( )
C2: 10kg | D2: 1kg | E2: 10kg | F2: 1kg | H2: 1kg | I2: 1kg | J2: 1kg | K2: 1kg | L2: 1kg | M2: 1kg | N2: 1kg | O2: 1kg | P2: 1kg | Q2: 1kg | R2: 1kg | S2: 1kg
A3: 업체 | B3: 품목별 소계 | C3: =C22+C43+C52+C62 -> 17 | D3: =D22+D43+D52+D62 -> 0 | E3: =E22+E43+E52+E62 -> 6 | F3: =F22+F43+F52+F62 -> 14 | H3: =H22+H43+H52+H62 -> 2 | I3: =I22+I43+I52+I62 -> 1 | J3: =J22+J43+J52+J62 -> 1 | K3: =K22+K43+K52+K62 -> 3 | L3: =L22+L43+L52+L62 -> 10 | M3: =M22+M43+M52+M62 -> 3 | N3: =N22+N43+N52+N62 -> 6 | O3: =O22+O43+O52+O62 -> 0 | ... S3: =S22+S43+S52+S62 -> 0 | T3: =D3*10 -> 0 | U3: =F3*10+E3 -> 146 | V3: =SUM(H3:Q3) -> 29 | W3: =SUM(T3:V3) -> 175
A4: 싱싱 유통 | B4: 두륜중학교
B5: 마산초등학교
B6: 북일초등학교 | N6: 1 | R6: 1
B7: 북평중학교
B8: 북평초등학교
B9: 산이서초등학교
B10: 산이중학교 | R10: 1
B11: 산이초등학교 | N11: 1
B12: 우수영중학교
B13: 우수영초등학교 | I13: 1
B14: 해남고등학교
B15: 현산중학교
B16: 현산초등학교 | P16: 1
B17: 화원고등학교
B18: 화원중학교
B19: 화원초등학교
B20: 황산중학교
B21: 황산초등학교
C22: =SUM(C4:C21) -> 0 | D22: =SUM(D4:D21) -> 0 | E22: =SUM(E4:E21) -> 0 | F22: =SUM(F4:F21) -> 0 | H22: =SUM(H4:H21) -> 0 | I22: =SUM(I4:I21) -> 1 | J22: =SUM(J4:J21) -> 0 | K22: =SUM(K4:K21) -> 0 | L22: =SUM(L4:L21) -> 0 | M22: =SUM(M4:M21) -> 0 | N22: =SUM(N4:N21) -> 2 | O22: =SUM(O4:O21) -> 0 | ... S22: =SUM(S4:S21) -> 0
A23: 공공 급식 센터 | B23: 공립시등어린이집
B24: 공립한듬어린이집
B25: 공립화원어린이집
B26: 공립해남어린이집 | L26: 1
B27: 공립해담어린이집
B28: 동심어린이집
B29: 리틀어린이집
B30: 미래클유치원 | L30: 1 | M30: 1
B31: 벧엘특수어린이집
B32: 산이어린이집
B33: 색동어린이집 | L33: 1
B34: 서림어린이집
B35: 신생어린이집
B36: 아트빌어린이집
B37: 예닮어린이집
B38: 예찬어린이집
B39: 원광유치원
B40: 천진어린이집
B41: 해남원광어린이집
B42: 화산어린이집
C43: =SUM(C23:C42) -> 0 | D43: =SUM(D23:D42) -> 0 | E43: =SUM(E23:E42) -> 0 | F43: =SUM(F23:F42) -> 0 | H43: =SUM(H23:H42) -> 0 | I43: =SUM(I23:I42) -> 0 | J43: =SUM(J23:J42) -> 0 | K43: =SUM(K23:K42) -> 0 | L43: =SUM(L23:L42) -> 3 | M43: =SUM(M23:M42) -> 1 | N43: =SUM(N23:N42) -> 0 | O43: =SUM(O23:O42) -> 0 | ... S43: =SUM(S23:S42) -> 0
A44: 땅끝 농협 | B44: 서정초등학교 | F44: 3
B45: 송지고등학교 | E45: 3
B46: 송지중학교 | M46: 1
B47: 송지초등학교 | C47: 4 | K47: 1 | L47: 1
B48: 송호초등학교 | P48: 1
B49: 어란진초등학교
B50: 해남공업고등학교 | H50: 1
B51: 해남제일중학교 | L51: 2
C52: =SUM(C44:C51) -> 4 | D52: =SUM(D44:D51) -> 0 | E52: =SUM(E44:E51) -> 3 | F52: =SUM(F44:F51) -> 3 | H52: =SUM(H44:H51) -> 1 | I52: =SUM(I44:I51) -> 0 | J52: =SUM(J44:J51) -> 0 | K52: =SUM(K44:K51) -> 1 | L52: =SUM(L44:L51) -> 3 | M52: =SUM(M44:M51) -> 1 | N52: =SUM(N44:N51) -> 0 | O52: =SUM(O44:O51) -> 0 | ... S52: =SUM(S44:S51) -> 0
A53: 참솔 | B53: 계곡초등학교 | C53: 3 | F53: 2 | K53: 1
B54: 삼산초등학교 | C54: 1 | F54: 4
B55: 옥천초등학교 | F55: 5
B56: 해남동초등학교 | L56: 2 | N56: 2
B57: 해남서초등학교 | C57: 8 | E57: 3 | M57: 1 | P57: 1
B58: 해남중학교 | L58: 2 | N58: 2 | R58: 2
B59: 해오름유치원 | K59: 1
B60: 화산중학교 | C60: 1 | H60: 1
B61: 화산초등학교 | J61: 1
C62: =SUM(C53:C61) -> 13 | D62: =SUM(D53:D61) -> 0 | E62: =SUM(E53:E61) -> 3 | F62: =SUM(F53:F61) -> 11 | H62: =SUM(H53:H61) -> 1 | I62: =SUM(I53:I61) -> 0 | J62: =SUM(J53:J61) -> 1 | K62: =SUM(K53:K61) -> 2 | L62: =SUM(L53:L61) -> 4 | M62: =SUM(M53:M61) -> 1 | N62: =SUM(N53:N61) -> 4 | O62: =SUM(O53:O61) -> 0 | ... S62: =SUM(S53:S61) -> 0
A64: 단가 | C64: 47000 | D64: 4700 | E64: 58000 | F64: 5800 | H64: 5800 | I64: 4700 | J64: 6800 | K64: 5200 | L64: 20700 | M64: 6400 | N64: 18700 | O64: 25700 | P64: 8800 | Q64: 18700 | R64: 15000 | S64: 18000 | U64: =P67*0.85 -> 1437945 | Y64: =P69-P67 -> 0
A65: 금액 | C65: =C64*C3 -> 799000 | D65: =D64*D3 -> 0 | E65: =E64*E3 -> 348000 | F65: =F64*F3 -> 81200 | H65: =H64*H3 -> 11600 | I65: =I64*I3 -> 4700 | J65: =J64*J3 -> 6800 | K65: =K64*K3 -> 15600 | L65: =L64*L3 -> 207000 | M65: =M64*M3 -> 19200 | N65: =N64*N3 -> 112200 | O65: =O64*O3 -> 0 | ... S65: =S64*S3 -> 0
P67: =SUM(C65:S65) -> 1691700
P69: 1691700 | U69: =P69*0.85 -> 1437945
C74: =C64*0.85 -> 39950 | D74: =D64*0.85 -> 3995 | E74: =E64*0.85 -> 49300 | F74: =F64*0.85 -> 4930 | H74: =H64*0.85 -> 4930 | I74: =I64*0.85 -> 3995 | J74: =J64*0.85 -> 5780 | K74: =K64*0.85 -> 4420 | L74: =L64*0.85 -> 17595 | M74: =M64*0.85 -> 5440 | N74: =N64*0.85 -> 15895 | O74: =O64*0.85 -> 21845 | ... S74: =S64*0.85 -> 15300
C75: 29500 | D75: 2950 | E75: 51000 | F75: 5100 | H75: 3600 | I75: 2950 | J75: 4000 | K75: 4200 | L75: 15000 | M75: 4500 | N75: 9500 | O75: 12000 | P75: 8000 | Q75: 12000 | R75: 8500
C76: =C74-C75 -> 10450 | D76: =D74-D75 -> 1045 | E76: =E74-E75 -> -1700 | F76: =F74-F75 -> -170 | H76: =H74-H75 -> 1330 | I76: =I74-I75 -> 1045 | J76: =J74-J75 -> 1780 | K76: =K74-K75 -> 220 | L76: =L74-L75 -> 2595 | M76: =M74-M75 -> 940 | N76: =N74-N75 -> 6395 | O76: =O74-O75 -> 9845 | ... R76: =R74-R75 -> 4250
C77: =C76*C3 -> 177650 | D77: =D76*D3 -> 0 | E77: =E76*E3 -> -10200 | F77: =F76*F3 -> -2380 | G77: =G76*G3 -> 0 | H77: =H76*H3 -> 2660 | I77: =I76*I3 -> 1045 | J77: =J76*J3 -> 1780 | ... R77: =R76*R3 -> 17000
P79: =SUM(C77:R77) -> 253795

Sheet 공장동05.22
A1: 5/22(금) 해남군공공급식 (5/25~5/29 발주량) | C1: 유기농 백미 천지향 ( ) | E1: 유기농 찹쌀 ( ) | H1: 급식센터 입고 | I1: 유기농 찹쌀현미 ( ) | J1: 유기농 현미 ( ) | K1: 유기농 귀리 (박태일) | L1: 유기농 보리 (김종원) | M1: 유기농 기장 (박태일) | N1: 유기농 흑미 (오점기) | O1: 유기농 차조 (임정옥) | P1: 유기농 팥 (신승철) | Q1: 유기농 발아현미 (박오주) | R1: 유기농 쥐눈이콩 (신승철) | S1: 유기농 수수 (윤영식) | T1: 유기농 서리태 ( )
C2: 10kg | D2: 1kg | E2: 10kg | F2: 1kg | I2: 1kg | J2: 1kg | K2: 1kg | L2: 1kg | M2: 1kg | N2: 1kg | O2: 1kg | P2: 1kg | Q2: 1kg | R2: 1kg | S2: 1kg | T2: 1kg
A3: 품목별 소계 | C3: =SUM(C4:C20) -> 17 | D3: =SUM(D4:D20) -> 0 | E3: =SUM(E4:E20) -> 6 | F3: =SUM(F4:F20) -> 14 | H3: 품목별 소계 | I3: =SUM(I4:I15) -> 2 | J3: =SUM(J4:J15) -> 1 | K3: =SUM(K4:K15) -> 1 | L3: =SUM(L4:L15) -> 3 | M3: =SUM(M4:M15) -> 10 | N3: =SUM(N4:N15) -> 3 | O3: =SUM(O4:O15) -> 6 | P3: =SUM(P4:P15) -> 0 | ... T3: =SUM(T4:T15) -> 0
A4: 싱싱유통 | C4: ='학교별05.22'!C22 -> 0 | D4: ='학교별05.22'!D22 -> 0 | E4: ='학교별05.22'!E22 -> 0 | F4: ='학교별05.22'!F22 -> 0 | H4: 싱싱유통 | I4: ='학교별05.22'!H22 -> 0 | J4: ='학교별05.22'!I22 -> 1 | K4: ='학교별05.22'!J22 -> 0 | L4: ='학교별05.22'!K22 -> 0 | M4: ='학교별05.22'!L22 -> 0 | N4: ='학교별05.22'!M22 -> 0 | O4: ='학교별05.22'!N22 -> 2 | P4: ='학교별05.22'!O22 -> 0 | ... T4: ='학교별05.22'!S22 -> 0
A8: 공공급식센터 | C8: ='학교별05.22'!C43 -> 0 | D8: ='학교별05.22'!D43 -> 0 | E8: ='학교별05.22'!E43 -> 0 | F8: ='학교별05.22'!F43 -> 0 | H8: 급식센터 | I8: ='학교별05.22'!H43 -> 0 | J8: ='학교별05.22'!I43 -> 0 | K8: ='학교별05.22'!J43 -> 0 | L8: ='학교별05.22'!K43 -> 0 | M8: ='학교별05.22'!L43 -> 3 | N8: ='학교별05.22'!M43 -> 1 | O8: ='학교별05.22'!N43 -> 0 | P8: ='학교별05.22'!O43 -> 0 | ... T8: ='학교별05.22'!S43 -> 0
A11: 땅끝농협 | C11: ='학교별05.22'!C52 -> 4 | D11: ='학교별05.22'!D52 -> 0 | E11: ='학교별05.22'!E52 -> 3 | F11: ='학교별05.22'!F52 -> 3 | H11: 땅끝농협 | I11: ='학교별05.22'!H52 -> 1 | J11: ='학교별05.22'!I52 -> 0 | K11: ='학교별05.22'!J52 -> 0 | L11: ='학교별05.22'!K52 -> 1 | M11: ='학교별05.22'!L52 -> 3 | N11: ='학교별05.22'!M52 -> 1 | O11: ='학교별05.22'!N52 -> 0 | P11: ='학교별05.22'!O52 -> 0 | ... T11: ='학교별05.22'!S52 -> 0
A14: 참솔 | C14: ='학교별05.22'!C62 -> 13 | D14: ='학교별05.22'!D62 -> 0 | E14: ='학교별05.22'!E62 -> 3 | F14: ='학교별05.22'!F62 -> 11 | H14: 참솔 | I14: ='학교별05.22'!H62 -> 1 | J14: ='학교별05.22'!I62 -> 0 | K14: ='학교별05.22'!J62 -> 1 | L14: ='학교별05.22'!K62 -> 2 | M14: ='학교별05.22'!L62 -> 4 | N14: ='학교별05.22'!M62 -> 1 | O14: ='학교별05.22'!N62 -> 4 | P14: ='학교별05.22'!O62 -> 0 | ... T14: ='학교별05.22'!S62 -> 0

Sheet 학교별05.29
A1: 5/29(금) 해남군공공급식 (6/1~6/5 발주량) | C1: 유기농 백미 ( ) | E1: 유기농 찹쌀 ( ) | H1: 유기농 찹쌀현미 ( ) | I1: 유기농 현미 ( ) | J1: 유기농 귀리 ( ) | K1: 유기농 보리 ( ) | L1: 유기농 기장 ( ) | M1: 유기농 흑미 ( ) | N1: 유기농 차조 ( ) | O1: 유기농 팥 ( ) | P1: 유기농 발아현미 ( ) | Q1: 유기농 쥐눈이콩 ( ) | R1: 유기농 수수 ( ) | S1: 유기농 서리태 ( )
C2: 10kg | D2: 1kg | E2: 10kg | F2: 1kg | H2: 1kg | I2: 1kg | J2: 1kg | K2: 1kg | L2: 1kg | M2: 1kg | N2: 1kg | O2: 1kg | P2: 1kg | Q2: 1kg | R2: 1kg | S2: 1kg
A3: 업체 | B3: 품목별 소계 | C3: =C22+C43+C52+C62 -> 85 | D3: =D22+D43+D52+D62 -> 0 | E3: =E22+E43+E52+E62 -> 9 | F3: =F22+F43+F52+F62 -> 56 | H3: =H22+H43+H52+H62 -> 3 | I3: =I22+I43+I52+I62 -> 2 | J3: =J22+J43+J52+J62 -> 4 | K3: =K22+K43+K52+K62 -> 5 | L3: =L22+L43+L52+L62 -> 4 | M3: =M22+M43+M52+M62 -> 4 | N3: =N22+N43+N52+N62 -> 5 | O3: =O22+O43+O52+O62 -> 0 | ... S3: =S22+S43+S52+S62 -> 0 | T3: =D3*10 -> 0 | U3: =F3*10+E3 -> 569 | V3: =SUM(H3:Q3) -> 28 | W3: =SUM(T3:V3) -> 597
A4: 싱싱 유통 | B4: 두륜중학교 | K4: 1 | N4: 1 | R4: 1
B5: 마산초등학교 | M5: 1
B6: 북일초등학교
B7: 북평중학교
B8: 북평초등학교 | C8: 1 | F8: 4 | H8: 1
B9: 산이서초등학교 | C9: 5 | I9: 1
B10: 산이중학교
B11: 산이초등학교 | C11: 3 | F11: 5
B12: 우수영중학교 | C12: 9 | F12: 25
B13: 우수영초등학교 | C13: 1 | F13: 8
B14: 해남고등학교
B15: 현산중학교 | C15: 6 | H15: 1
B16: 현산초등학교 | F16: 4
B17: 화원고등학교 | C17: 3 | E17: 2
B18: 화원중학교
B19: 화원초등학교 | C19: 2 | F19: 4 | H19: 1
B20: 황산중학교 | F20: 2
B21: 황산초등학교 | C21: 4 | F21: 4 | I21: 1 | N21: 1 | R21: 1
C22: =SUM(C4:C21) -> 34 | D22: =SUM(D4:D21) -> 0 | E22: =SUM(E4:E21) -> 2 | F22: =SUM(F4:F21) -> 56 | H22: =SUM(H4:H21) -> 3 | I22: =SUM(I4:I21) -> 2 | J22: =SUM(J4:J21) -> 0 | K22: =SUM(K4:K21) -> 1 | L22: =SUM(L4:L21) -> 0 | M22: =SUM(M4:M21) -> 1 | N22: =SUM(N4:N21) -> 2 | O22: =SUM(O4:O21) -> 0 | ... S22: =SUM(S4:S21) -> 0
A23: 공공 급식 센터 | B23: 공립시등어린이집
B24: 공립한듬어린이집 | C24: 3 | E24: 2
B25: 공립화원어린이집
B26: 공립해남어린이집 | C26: 2 | L26: 1
B27: 공립해담어린이집
B28: 동심어린이집
B29: 리틀어린이집 | C29: 3 | E29: 1
B30: 미래클유치원 | C30: 7 | E30: 3
B31: 벧엘특수어린이집 | C31: 2
B32: 산이어린이집 | C32: 1
B33: 색동어린이집
B34: 서림어린이집
B35: 신생어린이집 | C35: 5
B36: 아트빌어린이집 | C36: 25
B37: 예닮어린이집
B38: 예찬어린이집
B39: 원광유치원
B40: 천진어린이집
B41: 해남원광어린이집
B42: 화산어린이집 | C42: 3 | E42: 1
C43: =SUM(C23:C42) -> 51 | D43: =SUM(D23:D42) -> 0 | E43: =SUM(E23:E42) -> 7 | F43: =SUM(F23:F42) -> 0 | H43: =SUM(H23:H42) -> 0 | I43: =SUM(I23:I42) -> 0 | J43: =SUM(J23:J42) -> 0 | K43: =SUM(K23:K42) -> 0 | L43: =SUM(L23:L42) -> 1 | M43: =SUM(M23:M42) -> 0 | N43: =SUM(N23:N42) -> 0 | O43: =SUM(O23:O42) -> 0 | ... S43: =SUM(S23:S42) -> 0
A44: 땅끝 농협 | B44: 서정초등학교
B45: 송지고등학교
B46: 송지중학교 | L46: 1 | N46: 1
B47: 송지초등학교 | J47: 1 | K47: 1
B48: 송호초등학교
B49: 어란진초등학교
B50: 해남공업고등학교
B51: 해남제일중학교
C52: =SUM(C44:C51) -> 0 | D52: =SUM(D44:D51) -> 0 | E52: =SUM(E44:E51) -> 0 | F52: =SUM(F44:F51) -> 0 | H52: =SUM(H44:H51) -> 0 | I52: =SUM(I44:I51) -> 0 | J52: =SUM(J44:J51) -> 1 | K52: =SUM(K44:K51) -> 1 | L52: =SUM(L44:L51) -> 1 | M52: =SUM(M44:M51) -> 0 | N52: =SUM(N44:N51) -> 1 | O52: =SUM(O44:O51) -> 0 | ... S52: =SUM(S44:S51) -> 0
A53: 참솔 | B53: 계곡초등학교 | R53: 1
B54: 삼산초등학교 | K54: 1
B55: 옥천초등학교
B56: 해남동초등학교 | J56: 2 | M56: 2 | R56: 2
B57: 해남서초등학교 | M57: 1 | P57: 1
B58: 해남중학교 | K58: 2 | L58: 2 | N58: 2
B59: 해오름유치원
B60: 화산중학교 | J60: 1
B61: 화산초등학교
C62: =SUM(C53:C61) -> 0 | D62: =SUM(D53:D61) -> 0 | E62: =SUM(E53:E61) -> 0 | F62: =SUM(F53:F61) -> 0 | H62: =SUM(H53:H61) -> 0 | I62: =SUM(I53:I61) -> 0 | J62: =SUM(J53:J61) -> 3 | K62: =SUM(K53:K61) -> 3 | L62: =SUM(L53:L61) -> 2 | M62: =SUM(M53:M61) -> 3 | N62: =SUM(N53:N61) -> 2 | O62: =SUM(O53:O61) -> 0 | ... S62: =SUM(S53:S61) -> 0
A64: 단가 | C64: 47000 | D64: 4700 | E64: 58000 | F64: 5800 | H64: 5800 | I64: 4700 | J64: 6800 | K64: 5200 | L64: 20700 | M64: 6400 | N64: 18700 | O64: 25700 | P64: 8800 | Q64: 18700 | R64: 15000 | S64: 18000 | U64: =P67*0.85 -> 4426375 | Y64: =P69-P67 -> 0
A65: 금액 | C65: =C64*C3 -> 3995000 | D65: =D64*D3 -> 0 | E65: =E64*E3 -> 522000 | F65: =F64*F3 -> 324800 | H65: =H64*H3 -> 17400 | I65: =I64*I3 -> 9400 | J65: =J64*J3 -> 27200 | K65: =K64*K3 -> 26000 | L65: =L64*L3 -> 82800 | M65: =M64*M3 -> 25600 | N65: =N64*N3 -> 93500 | O65: =O64*O3 -> 0 | ... S65: =S64*S3 -> 0
P67: =SUM(C65:S65) -> 5207500
P69: 5207500 | U69: =P69*0.85 -> 4426375
C74: =C64*0.85 -> 39950 | D74: =D64*0.85 -> 3995 | E74: =E64*0.85 -> 49300 | F74: =F64*0.85 -> 4930 | H74: =H64*0.85 -> 4930 | I74: =I64*0.85 -> 3995 | J74: =J64*0.85 -> 5780 | K74: =K64*0.85 -> 4420 | L74: =L64*0.85 -> 17595 | M74: =M64*0.85 -> 5440 | N74: =N64*0.85 -> 15895 | O74: =O64*0.85 -> 21845 | ... S74: =S64*0.85 -> 15300
C75: 29500 | D75: 2950 | E75: 51000 | F75: 5100 | H75: 3600 | I75: 2950 | J75: 4000 | K75: 4200 | L75: 15000 | M75: 4500 | N75: 9500 | O75: 12000 | P75: 8000 | Q75: 12000 | R75: 8500
C76: =C74-C75 -> 10450 | D76: =D74-D75 -> 1045 | E76: =E74-E75 -> -1700 | F76: =F74-F75 -> -170 | H76: =H74-H75 -> 1330 | I76: =I74-I75 -> 1045 | J76: =J74-J75 -> 1780 | K76: =K74-K75 -> 220 | L76: =L74-L75 -> 2595 | M76: =M74-M75 -> 940 | N76: =N74-N75 -> 6395 | O76: =O74-O75 -> 9845 | ... R76: =R74-R75 -> 4250
C77: =C76*C3 -> 888250 | D77: =D76*D3 -> 0 | E77: =E76*E3 -> -15300 | F77: =F76*F3 -> -9520 | G77: =G76*G3 -> 0 | H77: =H76*H3 -> 3990 | I77: =I76*I3 -> 2090 | J77: =J76*J3 -> 7120 | ... R77: =R76*R3 -> 21250
P79: =SUM(C77:R77) -> 944575

Sheet 공장동05.29
A1: 5/29(금) 해남군공공급식 (6/1~6/5 발주량) | C1: 유기농 백미 천지향 ( ) | E1: 유기농 찹쌀 ( ) | H1: 급식센터 입고 | I1: 유기농 찹쌀현미 ( ) | J1: 유기농 현미 ( ) | K1: 유기농 귀리 (박태일) | L1: 유기농 보리 (김종원) | M1: 유기농 기장 (박태일) | N1: 유기농 흑미 (오점기) | O1: 유기농 차조 (임정옥) | P1: 유기농 팥 (신승철) | Q1: 유기농 발아현미 (박오주) | R1: 유기농 쥐눈이콩 (신승철) | S1: 유기농 수수 (윤영식) | T1: 유기농 서리태 ( )
C2: 10kg | D2: 1kg | E2: 10kg | F2: 1kg | I2: 1kg | J2: 1kg | K2: 1kg | L2: 1kg | M2: 1kg | N2: 1kg | O2: 1kg | P2: 1kg | Q2: 1kg | R2: 1kg | S2: 1kg | T2: 1kg
A3: 품목별 소계 | C3: =SUM(C4:C20) -> 85 | D3: =SUM(D4:D20) -> 0 | E3: =SUM(E4:E20) -> 9 | F3: =SUM(F4:F20) -> 56 | H3: 품목별 소계 | I3: =SUM(I4:I15) -> 3 | J3: =SUM(J4:J15) -> 2 | K3: =SUM(K4:K15) -> 4 | L3: =SUM(L4:L15) -> 5 | M3: =SUM(M4:M15) -> 4 | N3: =SUM(N4:N15) -> 4 | O3: =SUM(O4:O15) -> 5 | P3: =SUM(P4:P15) -> 0 | ... T3: =SUM(T4:T15) -> 0
A4: 싱싱유통 | C4: ='학교별05.29'!C22 -> 34 | D4: ='학교별05.29'!D22 -> 0 | E4: ='학교별05.29'!E22 -> 2 | F4: ='학교별05.29'!F22 -> 56 | H4: 싱싱유통 | I4: ='학교별05.29'!H22 -> 3 | J4: ='학교별05.29'!I22 -> 2 | K4: ='학교별05.29'!J22 -> 0 | L4: ='학교별05.29'!K22 -> 1 | M4: ='학교별05.29'!L22 -> 0 | N4: ='학교별05.29'!M22 -> 1 | O4: ='학교별05.29'!N22 -> 2 | P4: ='학교별05.29'!O22 -> 0 | ... T4: ='학교별05.29'!S22 -> 0
A8: 공공급식센터 | C8: ='학교별05.29'!C43 -> 51 | D8: ='학교별05.29'!D43 -> 0 | E8: ='학교별05.29'!E43 -> 7 | F8: ='학교별05.29'!F43 -> 0 | H8: 급식센터 | I8: ='학교별05.29'!H43 -> 0 | J8: ='학교별05.29'!I43 -> 0 | K8: ='학교별05.29'!J43 -> 0 | L8: ='학교별05.29'!K43 -> 0 | M8: ='학교별05.29'!L43 -> 1 | N8: ='학교별05.29'!M43 -> 0 | O8: ='학교별05.29'!N43 -> 0 | P8: ='학교별05.29'!O43 -> 0 | ... T8: ='학교별05.29'!S43 -> 0
A11: 땅끝농협 | C11: ='학교별05.29'!C52 -> 0 | D11: ='학교별05.29'!D52 -> 0 | E11: ='학교별05.29'!E52 -> 0 | F11: ='학교별05.29'!F52 -> 0 | H11: 땅끝농협 | I11: ='학교별05.29'!H52 -> 0 | J11: ='학교별05.29'!I52 -> 0 | K11: ='학교별05.29'!J52 -> 1 | L11: ='학교별05.29'!K52 -> 1 | M11: ='학교별05.29'!L52 -> 1 | N11: ='학교별05.29'!M52 -> 0 | O11: ='학교별05.29'!N52 -> 1 | P11: ='학교별05.29'!O52 -> 0 | ... T11: ='학교별05.29'!S52 -> 0
A14: 참솔 | C14: ='학교별05.29'!C62 -> 0 | D14: ='학교별05.29'!D62 -> 0 | E14: ='학교별05.29'!E62 -> 0 | F14: ='학교별05.29'!F62 -> 0 | H14: 참솔 | I14: ='학교별05.29'!H62 -> 0 | J14: ='학교별05.29'!I62 -> 0 | K14: ='학교별05.29'!J62 -> 3 | L14: ='학교별05.29'!K62 -> 3 | M14: ='학교별05.29'!L62 -> 2 | N14: ='학교별05.29'!M62 -> 3 | O14: ='학교별05.29'!N62 -> 2 | P14: ='학교별05.29'!O62 -> 0 | ... T14: ='학교별05.29'!S62 -> 0

Sheet 학교별06.05
A1: 6/5(금) 해남군공공급식 (6/8~6/12 발주량) | C1: 유기농 백미 ( ) | E1: 유기농 찹쌀 ( ) | H1: 유기농 찹쌀현미 ( ) | I1: 유기농 현미 ( ) | J1: 유기농 귀리 ( ) | K1: 유기농 보리 ( ) | L1: 유기농 기장 ( ) | M1: 유기농 흑미 ( ) | N1: 유기농 차조 ( ) | O1: 유기농 발아현미 ( ) | P1: 유기농 수수 ( ) | Q1: 유기농 쥐눈이콩 ( ) | R1: 유기농 팥 ( ) | S1: 유기농 서리태 ( )
C2: 10kg | D2: 1kg | E2: 10kg | F2: 1kg | H2: 1kg | I2: 1kg | J2: 1kg | K2: 1kg | L2: 1kg | M2: 1kg | N2: 1kg | O2: 1kg | P2: 1kg | Q2: 1kg | R2: 1kg | S2: 1kg
A3: 업체 | B3: 품목별 소계 | C3: =C22+C43+C52+C62 -> 92 | D3: =D22+D43+D52+D62 -> 0 | E3: =E22+E43+E52+E62 -> 3 | F3: =F22+F43+F52+F62 -> 52 | H3: =H22+H43+H52+H62 -> 1 | I3: =I22+I43+I52+I62 -> 0 | J3: =J22+J43+J52+J62 -> 5 | K3: =K22+K43+K52+K62 -> 4 | L3: =L22+L43+L52+L62 -> 5 | M3: =M22+M43+M52+M62 -> 3 | N3: =N22+N43+N52+N62 -> 3 | O3: =O22+O43+O52+O62 -> 3 | ... S3: =S22+S43+S52+S62 -> 0 | T3: =D3*10 -> 0 | U3: =F3*10+E3 -> 523 | V3: =SUM(H3:Q3) -> 29 | W3: =SUM(T3:V3) -> 552
A4: 싱싱 유통 | B4: 두륜중학교 | C4: 3 | F4: 8
B5: 마산초등학교 | C5: 1 | F5: 1 | K5: 1 | N5: 1 | O5: 1
B6: 북일초등학교
B7: 북평중학교
B8: 북평초등학교 | C8: 1 | F8: 4 | L8: 1
B9: 산이서초등학교 | J9: 1
B10: 산이중학교 | C10: 5 | F10: 8
B11: 산이초등학교 | C11: 3 | F11: 5
B12: 우수영중학교 | K12: 1 | M12: 1
B13: 우수영초등학교 | C13: 2 | F13: 8
B14: 해남고등학교 | C14: 50
B15: 현산중학교
B16: 현산초등학교 | C16: 8 | F16: 5 | K16: 1
B17: 화원고등학교 | C17: 9 | E17: 2
B18: 화원중학교
B19: 화원초등학교 | C19: 1 | F19: 8
B20: 황산중학교 | H20: 1
B21: 황산초등학교 | F21: 5 | L21: 1
C22: =SUM(C4:C21) -> 83 | D22: =SUM(D4:D21) -> 0 | E22: =SUM(E4:E21) -> 2 | F22: =SUM(F4:F21) -> 52 | H22: =SUM(H4:H21) -> 1 | I22: =SUM(I4:I21) -> 0 | J22: =SUM(J4:J21) -> 1 | K22: =SUM(K4:K21) -> 3 | L22: =SUM(L4:L21) -> 2 | M22: =SUM(M4:M21) -> 1 | N22: =SUM(N4:N21) -> 1 | O22: =SUM(O4:O21) -> 1 | ... S22: =SUM(S4:S21) -> 0
A23: 공공 급식 센터 | B23: 공립시등어린이집 | C23: 3
B24: 공립한듬어린이집
B25: 공립화원어린이집
B26: 공립해남어린이집 | C26: 2
B27: 공립해담어린이집
B28: 동심어린이집
B29: 리틀어린이집
B30: 미래클유치원
B31: 벧엘특수어린이집 | C31: 1 | E31: 1 | L31: 1
B32: 산이어린이집 | C32: 1
B33: 색동어린이집 | C33: 2
B34: 서림어린이집
B35: 신생어린이집
B36: 아트빌어린이집
B37: 예닮어린이집
B38: 예찬어린이집
B39: 원광유치원
B40: 천진어린이집
B41: 해남원광어린이집
B42: 화산어린이집
C43: =SUM(C23:C42) -> 9 | D43: =SUM(D23:D42) -> 0 | E43: =SUM(E23:E42) -> 1 | F43: =SUM(F23:F42) -> 0 | H43: =SUM(H23:H42) -> 0 | I43: =SUM(I23:I42) -> 0 | J43: =SUM(J23:J42) -> 0 | K43: =SUM(K23:K42) -> 0 | L43: =SUM(L23:L42) -> 1 | M43: =SUM(M23:M42) -> 0 | N43: =SUM(N23:N42) -> 0 | O43: =SUM(O23:O42) -> 0 | ... S43: =SUM(S23:S42) -> 0
A44: 땅끝 농협 | B44: 서정초등학교
B45: 송지고등학교 | P45: 1
B46: 송지중학교
B47: 송지초등학교 | J47: 1
B48: 송호초등학교
B49: 어란진초등학교
B50: 해남공업고등학교
B51: 해남제일중학교 | J51: 1
C52: =SUM(C44:C51) -> 0 | D52: =SUM(D44:D51) -> 0 | E52: =SUM(E44:E51) -> 0 | F52: =SUM(F44:F51) -> 0 | H52: =SUM(H44:H51) -> 0 | I52: =SUM(I44:I51) -> 0 | J52: =SUM(J44:J51) -> 2 | K52: =SUM(K44:K51) -> 0 | L52: =SUM(L44:L51) -> 0 | M52: =SUM(M44:M51) -> 0 | N52: =SUM(N44:N51) -> 0 | O52: =SUM(O44:O51) -> 0 | ... S52: =SUM(S44:S51) -> 0
A53: 참솔 | B53: 계곡초등학교
B54: 삼산초등학교 | L54: 1
B55: 옥천초등학교
B56: 해남동초등학교 | N56: 2 | O56: 2 | P56: 2
B57: 해남서초등학교 | L57: 1 | M57: 1 | P57: 1
B58: 해남중학교 | J58: 2 | M58: 1
B59: 해오름유치원
B60: 화산중학교 | K60: 1
B61: 화산초등학교 | P61: 1
C62: =SUM(C53:C61) -> 0 | D62: =SUM(D53:D61) -> 0 | E62: =SUM(E53:E61) -> 0 | F62: =SUM(F53:F61) -> 0 | H62: =SUM(H53:H61) -> 0 | I62: =SUM(I53:I61) -> 0 | J62: =SUM(J53:J61) -> 2 | K62: =SUM(K53:K61) -> 1 | L62: =SUM(L53:L61) -> 2 | M62: =SUM(M53:M61) -> 2 | N62: =SUM(N53:N61) -> 2 | O62: =SUM(O53:O61) -> 2 | ... S62: =SUM(S53:S61) -> 0
A64: 단가 | C64: 47000 | D64: 4700 | E64: 58000 | F64: 5800 | H64: 5800 | I64: 4700 | J64: 6800 | K64: 5200 | L64: 20700 | M64: 6400 | N64: 18700 | O64: 8800 | P64: 15000 | Q64: 18700 | R64: 25700 | S64: 18000 | U64: =P67*0.85 -> 4369340 | Y64: =P69-P67 -> 0
A65: 금액 | C65: =C64*C3 -> 4324000 | D65: =D64*D3 -> 0 | E65: =E64*E3 -> 174000 | F65: =F64*F3 -> 301600 | H65: =H64*H3 -> 5800 | I65: =I64*I3 -> 0 | J65: =J64*J3 -> 34000 | K65: =K64*K3 -> 20800 | L65: =L64*L3 -> 103500 | M65: =M64*M3 -> 19200 | N65: =N64*N3 -> 56100 | O65: =O64*O3 -> 26400 | ... S65: =S64*S3 -> 0
P67: =SUM(C65:S65) -> 5140400
P69: 5140400 | U69: =P69*0.85 -> 4369340
C74: =C64*0.85 -> 39950 | D74: =D64*0.85 -> 3995 | E74: =E64*0.85 -> 49300 | F74: =F64*0.85 -> 4930 | H74: =H64*0.85 -> 4930 | I74: =I64*0.85 -> 3995 | J74: =J64*0.85 -> 5780 | K74: =K64*0.85 -> 4420 | L74: =L64*0.85 -> 17595 | M74: =M64*0.85 -> 5440 | N74: =N64*0.85 -> 15895 | O74: =O64*0.85 -> 7480 | ... S74: =S64*0.85 -> 15300
C75: 29500 | D75: 2950 | E75: 51000 | F75: 5100 | H75: 3600 | I75: 2950 | J75: 4000 | K75: 4200 | L75: 15000 | M75: 4500 | N75: 9500 | O75: 12000 | P75: 8000 | Q75: 12000 | R75: 8500
C76: =C74-C75 -> 10450 | D76: =D74-D75 -> 1045 | E76: =E74-E75 -> -1700 | F76: =F74-F75 -> -170 | H76: =H74-H75 -> 1330 | I76: =I74-I75 -> 1045 | J76: =J74-J75 -> 1780 | K76: =K74-K75 -> 220 | L76: =L74-L75 -> 2595 | M76: =M74-M75 -> 940 | N76: =N74-N75 -> 6395 | O76: =O74-O75 -> -4520 | ... R76: =R74-R75 -> 13345
C77: =C76*C3 -> 961400 | D77: =D76*D3 -> 0 | E77: =E76*E3 -> -5100 | F77: =F76*F3 -> -8840 | G77: =G76*G3 -> 0 | H77: =H76*H3 -> 1330 | I77: =I76*I3 -> 0 | J77: =J76*J3 -> 8900 | ... R77: =R76*R3 -> 0
P79: =SUM(C77:R77) -> 1003740

Sheet 공장동06.05
A1: 6/5(금) 해남군공공급식 (6/8~6/12 발주량) | C1: 유기농 백미 천지향 ( ) | E1: 유기농 찹쌀 ( ) | H1: 급식센터 입고 | I1: 유기농 찹쌀현미 ( ) | J1: 유기농 현미 ( ) | K1: 유기농 귀리 (박태일) | L1: 유기농 보리 (김종원) | M1: 유기농 기장 (박태일) | N1: 유기농 흑미 (오점기) | O1: 유기농 차조 (임정옥) | P1: 유기농 발아현미 (박오주) | Q1: 유기농 수수 (윤영식) | R1: 유기농 쥐눈이콩 (신승철) | S1: 유기농 팥 (신승철) | T1: 유기농 서리태 ( )
C2: 10kg | D2: 1kg | E2: 10kg | F2: 1kg | I2: 1kg | J2: 1kg | K2: 1kg | L2: 1kg | M2: 1kg | N2: 1kg | O2: 1kg | P2: 1kg | Q2: 1kg | R2: 1kg | S2: 1kg | T2: 1kg
A3: 품목별 소계 | C3: =SUM(C4:C20) -> 92 | D3: =SUM(D4:D20) -> 0 | E3: =SUM(E4:E20) -> 8 | F3: =SUM(F4:F20) -> 44 | H3: 품목별 소계 | I3: =SUM(I4:I15) -> 1 | J3: =SUM(J4:J15) -> 0 | K3: =SUM(K4:K15) -> 5 | L3: =SUM(L4:L15) -> 4 | M3: =SUM(M4:M15) -> 5 | N3: =SUM(N4:N15) -> 3 | O3: =SUM(O4:O15) -> 3 | P3: =SUM(P4:P15) -> 3 | ... T3: =SUM(T4:T15) -> 0
A4: 싱싱유통 | C4: ='학교별06.05'!C22 -> 83 | D4: ='학교별06.05'!D22 -> 0 | E4: ='학교별06.05'!E22 -> 2 | F4: ='학교별06.05'!F22 -> 52 | H4: 싱싱유통 | I4: ='학교별06.05'!H22 -> 1 | J4: ='학교별06.05'!I22 -> 0 | K4: ='학교별06.05'!J22 -> 1 | L4: ='학교별06.05'!K22 -> 3 | M4: ='학교별06.05'!L22 -> 2 | N4: ='학교별06.05'!M22 -> 1 | O4: ='학교별06.05'!N22 -> 1 | P4: ='학교별06.05'!O22 -> 1 | ... T4: ='학교별06.05'!S22 -> 0
A5: 산이중 선입고 완료 | F5: -8
A6: 해남고 후입고 건 | E6: 5
A8: 공공급식센터 | C8: ='학교별06.05'!C43 -> 9 | D8: ='학교별06.05'!D43 -> 0 | E8: ='학교별06.05'!E43 -> 1 | F8: ='학교별06.05'!F43 -> 0 | H8: 급식센터 | I8: ='학교별06.05'!H43 -> 0 | J8: ='학교별06.05'!I43 -> 0 | K8: ='학교별06.05'!J43 -> 0 | L8: ='학교별06.05'!K43 -> 0 | M8: ='학교별06.05'!L43 -> 1 | N8: ='학교별06.05'!M43 -> 0 | O8: ='학교별06.05'!N43 -> 0 | P8: ='학교별06.05'!O43 -> 0 | ... T8: ='학교별06.05'!S43 -> 0
A11: 땅끝농협 | C11: ='학교별06.05'!C52 -> 0 | D11: ='학교별06.05'!D52 -> 0 | E11: ='학교별06.05'!E52 -> 0 | F11: ='학교별06.05'!F52 -> 0 | H11: 땅끝농협 | I11: ='학교별06.05'!H52 -> 0 | J11: ='학교별06.05'!I52 -> 0 | K11: ='학교별06.05'!J52 -> 2 | L11: ='학교별06.05'!K52 -> 0 | M11: ='학교별06.05'!L52 -> 0 | N11: ='학교별06.05'!M52 -> 0 | O11: ='학교별06.05'!N52 -> 0 | P11: ='학교별06.05'!O52 -> 0 | ... T11: ='학교별06.05'!S52 -> 0
A14: 참솔 | C14: ='학교별06.05'!C62 -> 0 | D14: ='학교별06.05'!D62 -> 0 | E14: ='학교별06.05'!E62 -> 0 | F14: ='학교별06.05'!F62 -> 0 | H14: 참솔 | I14: ='학교별06.05'!H62 -> 0 | J14: ='학교별06.05'!I62 -> 0 | K14: ='학교별06.05'!J62 -> 2 | L14: ='학교별06.05'!K62 -> 1 | M14: ='학교별06.05'!L62 -> 2 | N14: ='학교별06.05'!M62 -> 2 | O14: ='학교별06.05'!N62 -> 2 | P14: ='학교별06.05'!O62 -> 2 | ... T14: ='학교별06.05'!S62 -> 0

Sheet 학교별06.12
A1: 6/12(금) 해남군공공급식 (6/15~6/19 발주량) | C1: 유기농 백미 ( ) | E1: 유기농 찹쌀 ( ) | H1: 유기농 찹쌀현미 ( ) | I1: 유기농 현미 ( ) | J1: 유기농 귀리 ( ) | K1: 유기농 보리 ( ) | L1: 유기농 기장 ( ) | M1: 유기농 흑미 ( ) | N1: 유기농 차조 ( ) | O1: 유기농 발아현미 ( ) | P1: 유기농 수수 ( ) | Q1: 유기농 쥐눈이콩 ( ) | R1: 유기농 팥 ( ) | S1: 유기농 서리태 ( )
C2: 10kg | D2: 1kg | E2: 10kg | F2: 1kg | H2: 1kg | I2: 1kg | J2: 1kg | K2: 1kg | L2: 1kg | M2: 1kg | N2: 1kg | O2: 1kg | P2: 1kg | Q2: 1kg | R2: 1kg | S2: 1kg
A3: 업체 | B3: 품목별 소계 | C3: =C22+C43+C52+C62 -> 96 | D3: =D22+D43+D52+D62 -> 0 | E3: =E22+E43+E52+E62 -> 12 | F3: =F22+F43+F52+F62 -> 46 | H3: =H22+H43+H52+H62 -> 0 | I3: =I22+I43+I52+I62 -> 1 | J3: =J22+J43+J52+J62 -> 5 | K3: =K22+K43+K52+K62 -> 9 | L3: =L22+L43+L52+L62 -> 10 | M3: =M22+M43+M52+M62 -> 2 | N3: =N22+N43+N52+N62 -> 8 | O3: =O22+O43+O52+O62 -> 1 | ... S3: =S22+S43+S52+S62 -> 0 | T3: =D3*10 -> 0 | U3: =F3*10+E3 -> 472 | V3: =SUM(H3:Q3) -> 40 | W3: =SUM(T3:V3) -> 512
A4: 싱싱 유통 | B4: 두륜중학교 | C4: 3 | F4: 8 | N4: 1 | P4: 1
B5: 마산초등학교 | F5: 5 | J5: 1 | L5: 1
B6: 북일초등학교
B7: 북평중학교
B8: 북평초등학교 | C8: 1 | F8: 5
B9: 산이서초등학교 | F9: 2
B10: 산이중학교 | N10: 1
B11: 산이초등학교
B12: 우수영중학교
B13: 우수영초등학교 | C13: 2 | F13: 8 | J13: 1
B14: 해남고등학교 | C14: 50
B15: 현산중학교
B16: 현산초등학교 | F16: 4
B17: 화원고등학교 | C17: 8 | E17: 2 | K17: 2
B18: 화원중학교 | L18: 1
B19: 화원초등학교 | F19: 5
B20: 황산중학교 | C20: 6 | F20: 2 | K20: 1
B21: 황산초등학교 | C21: 3 | F21: 7 | I21: 1 | J21: 1 | N21: 1
C22: =SUM(C4:C21) -> 73 | D22: =SUM(D4:D21) -> 0 | E22: =SUM(E4:E21) -> 2 | F22: =SUM(F4:F21) -> 46 | H22: =SUM(H4:H21) -> 0 | I22: =SUM(I4:I21) -> 1 | J22: =SUM(J4:J21) -> 3 | K22: =SUM(K4:K21) -> 3 | L22: =SUM(L4:L21) -> 2 | M22: =SUM(M4:M21) -> 0 | N22: =SUM(N4:N21) -> 3 | O22: =SUM(O4:O21) -> 0 | ... S22: =SUM(S4:S21) -> 0
A23: 공공 급식 센터 | B23: 공립시등어린이집
B24: 공립한듬어린이집 | C24: 3 | E24: 2
B25: 공립화원어린이집
B26: 공립해남어린이집 | C26: 2 | E26: 1 | N26: 1
B27: 공립해담어린이집 | C27: 2 | E27: 1
B28: 동심어린이집
B29: 리틀어린이집 | C29: 3 | E29: 1
B30: 미래클유치원 | C30: 8 | E30: 4 | L30: 1
B31: 벧엘특수어린이집 | C31: 2
B32: 산이어린이집 | C32: 1
B33: 색동어린이집 | C33: 2
B34: 서림어린이집
B35: 신생어린이집
B36: 아트빌어린이집
B37: 예닮어린이집 | E37: 1
B38: 예찬어린이집
B39: 원광유치원
B40: 천진어린이집
B41: 해남원광어린이집
B42: 화산어린이집
C43: =SUM(C23:C42) -> 23 | D43: =SUM(D23:D42) -> 0 | E43: =SUM(E23:E42) -> 10 | F43: =SUM(F23:F42) -> 0 | H43: =SUM(H23:H42) -> 0 | I43: =SUM(I23:I42) -> 0 | J43: =SUM(J23:J42) -> 0 | K43: =SUM(K23:K42) -> 0 | L43: =SUM(L23:L42) -> 1 | M43: =SUM(M23:M42) -> 0 | N43: =SUM(N23:N42) -> 1 | O43: =SUM(O23:O42) -> 0 | ... S43: =SUM(S23:S42) -> 0
A44: 땅끝 농협 | B44: 서정초등학교
B45: 송지고등학교
B46: 송지중학교 | L46: 1 | N46: 1
B47: 송지초등학교 | J47: 1 | K47: 1 | L47: 1
B48: 송호초등학교 | P48: 1
B49: 어란진초등학교
B50: 해남공업고등학교 | K50: 3 | M50: 2
B51: 해남제일중학교 | J51: 1 | L51: 2
C52: =SUM(C44:C51) -> 0 | D52: =SUM(D44:D51) -> 0 | E52: =SUM(E44:E51) -> 0 | F52: =SUM(F44:F51) -> 0 | H52: =SUM(H44:H51) -> 0 | I52: =SUM(I44:I51) -> 0 | J52: =SUM(J44:J51) -> 2 | K52: =SUM(K44:K51) -> 4 | L52: =SUM(L44:L51) -> 4 | M52: =SUM(M44:M51) -> 2 | N52: =SUM(N44:N51) -> 1 | O52: =SUM(O44:O51) -> 0 | ... S52: =SUM(S44:S51) -> 0
A53: 참솔 | B53: 계곡초등학교
B54: 삼산초등학교
B55: 옥천초등학교
B56: 해남동초등학교 | L56: 2 | N56: 2
B57: 해남서초등학교 | N57: 1 | O57: 1
B58: 해남중학교 | P58: 2
B59: 해오름유치원 | K59: 1 | L59: 1
B60: 화산중학교
B61: 화산초등학교 | K61: 1
C62: =SUM(C53:C61) -> 0 | D62: =SUM(D53:D61) -> 0 | E62: =SUM(E53:E61) -> 0 | F62: =SUM(F53:F61) -> 0 | H62: =SUM(H53:H61) -> 0 | I62: =SUM(I53:I61) -> 0 | J62: =SUM(J53:J61) -> 0 | K62: =SUM(K53:K61) -> 2 | L62: =SUM(L53:L61) -> 3 | M62: =SUM(M53:M61) -> 0 | N62: =SUM(N53:N61) -> 3 | O62: =SUM(O53:O61) -> 1 | ... S62: =SUM(S53:S61) -> 0
A64: 단가 | C64: 47000 | D64: 4700 | E64: 58000 | F64: 5800 | H64: 5800 | I64: 4700 | J64: 6800 | K64: 5200 | L64: 20700 | M64: 6400 | N64: 18700 | O64: 8800 | P64: 15000 | Q64: 18700 | R64: 25700 | S64: 18000 | U64: =P67*0.85 -> 5098725 | Y64: =P69-P67 -> 0
A65: 금액 | C65: =C64*C3 -> 4512000 | D65: =D64*D3 -> 0 | E65: =E64*E3 -> 696000 | F65: =F64*F3 -> 266800 | H65: =H64*H3 -> 0 | I65: =I64*I3 -> 4700 | J65: =J64*J3 -> 34000 | K65: =K64*K3 -> 46800 | L65: =L64*L3 -> 207000 | M65: =M64*M3 -> 12800 | N65: =N64*N3 -> 149600 | O65: =O64*O3 -> 8800 | ... S65: =S64*S3 -> 0
P67: =SUM(C65:S65) -> 5998500
P69: 5998500 | U69: =P69*0.85 -> 5098725
C74: =C64*0.85 -> 39950 | D74: =D64*0.85 -> 3995 | E74: =E64*0.85 -> 49300 | F74: =F64*0.85 -> 4930 | H74: =H64*0.85 -> 4930 | I74: =I64*0.85 -> 3995 | J74: =J64*0.85 -> 5780 | K74: =K64*0.85 -> 4420 | L74: =L64*0.85 -> 17595 | M74: =M64*0.85 -> 5440 | N74: =N64*0.85 -> 15895 | O74: =O64*0.85 -> 7480 | ... S74: =S64*0.85 -> 15300
C75: 29500 | D75: 2950 | E75: 51000 | F75: 5100 | H75: 3600 | I75: 2950 | J75: 4000 | K75: 4200 | L75: 15000 | M75: 4500 | N75: 9500 | O75: 12000 | P75: 8000 | Q75: 12000 | R75: 8500
C76: =C74-C75 -> 10450 | D76: =D74-D75 -> 1045 | E76: =E74-E75 -> -1700 | F76: =F74-F75 -> -170 | H76: =H74-H75 -> 1330 | I76: =I74-I75 -> 1045 | J76: =J74-J75 -> 1780 | K76: =K74-K75 -> 220 | L76: =L74-L75 -> 2595 | M76: =M74-M75 -> 940 | N76: =N74-N75 -> 6395 | O76: =O74-O75 -> -4520 | ... R76: =R74-R75 -> 13345
C77: =C76*C3 -> 1003200 | D77: =D76*D3 -> 0 | E77: =E76*E3 -> -20400 | F77: =F76*F3 -> -7820 | G77: =G76*G3 -> 0 | H77: =H76*H3 -> 0 | I77: =I76*I3 -> 1045 | J77: =J76*J3 -> 8900 | ... R77: =R76*R3 -> 0
P79: =SUM(C77:R77) -> 1080375

Sheet 공장동06.12
A1: 6/12(금) 해남군공공급식 (6/15~6/19 발주량) | C1: 유기농 백미 천지향 ( ) | E1: 유기농 찹쌀 ( ) | H1: 급식센터 입고 | I1: 유기농 찹쌀현미 ( ) | J1: 유기농 현미 ( ) | K1: 유기농 귀리 (박태일) | L1: 유기농 보리 (김종원) | M1: 유기농 기장 (박태일) | N1: 유기농 흑미 (오점기) | O1: 유기농 차조 (임정옥) | P1: 유기농 발아현미 (박오주) | Q1: 유기농 수수 (윤영식) | R1: 유기농 쥐눈이콩 (신승철) | S1: 유기농 팥 (신승철) | T1: 유기농 서리태 ( )
C2: 10kg | D2: 1kg | E2: 10kg | F2: 1kg | I2: 1kg | J2: 1kg | K2: 1kg | L2: 1kg | M2: 1kg | N2: 1kg | O2: 1kg | P2: 1kg | Q2: 1kg | R2: 1kg | S2: 1kg | T2: 1kg
A3: 품목별 소계 | C3: =SUM(C4:C20) -> 46 | D3: =SUM(D4:D20) -> 0 | E3: =SUM(E4:E20) -> 12 | F3: =SUM(F4:F20) -> 46 | H3: 품목별 소계 | I3: =SUM(I4:I15) -> 0 | J3: =SUM(J4:J15) -> 1 | K3: =SUM(K4:K15) -> 5 | L3: =SUM(L4:L15) -> 9 | M3: =SUM(M4:M15) -> 10 | N3: =SUM(N4:N15) -> 2 | O3: =SUM(O4:O15) -> 8 | P3: =SUM(P4:P15) -> 1 | ... T3: =SUM(T4:T15) -> 0
A4: 싱싱유통 | C4: ='학교별06.12'!C22 -> 73 | D4: ='학교별06.12'!D22 -> 0 | E4: ='학교별06.12'!E22 -> 2 | F4: ='학교별06.12'!F22 -> 46 | H4: 싱싱유통 | I4: ='학교별06.12'!H22 -> 0 | J4: ='학교별06.12'!I22 -> 1 | K4: ='학교별06.12'!J22 -> 3 | L4: ='학교별06.12'!K22 -> 3 | M4: ='학교별06.12'!L22 -> 2 | N4: ='학교별06.12'!M22 -> 0 | O4: ='학교별06.12'!N22 -> 3 | P4: ='학교별06.12'!O22 -> 0 | ... T4: ='학교별06.12'!S22 -> 0
A5: 해남고 후입고 요청 (6/24) | C5: -50
A8: 공공급식센터 | C8: ='학교별06.12'!C43 -> 23 | D8: ='학교별06.12'!D43 -> 0 | E8: ='학교별06.12'!E43 -> 10 | F8: ='학교별06.12'!F43 -> 0 | H8: 급식센터 | I8: ='학교별06.12'!H43 -> 0 | J8: ='학교별06.12'!I43 -> 0 | K8: ='학교별06.12'!J43 -> 0 | L8: ='학교별06.12'!K43 -> 0 | M8: ='학교별06.12'!L43 -> 1 | N8: ='학교별06.12'!M43 -> 0 | O8: ='학교별06.12'!N43 -> 1 | P8: ='학교별06.12'!O43 -> 0 | ... T8: ='학교별06.12'!S43 -> 0
A11: 땅끝농협 | C11: ='학교별06.12'!C52 -> 0 | D11: ='학교별06.12'!D52 -> 0 | E11: ='학교별06.12'!E52 -> 0 | F11: ='학교별06.12'!F52 -> 0 | H11: 땅끝농협 | I11: ='학교별06.12'!H52 -> 0 | J11: ='학교별06.12'!I52 -> 0 | K11: ='학교별06.12'!J52 -> 2 | L11: ='학교별06.12'!K52 -> 4 | M11: ='학교별06.12'!L52 -> 4 | N11: ='학교별06.12'!M52 -> 2 | O11: ='학교별06.12'!N52 -> 1 | P11: ='학교별06.12'!O52 -> 0 | ... T11: ='학교별06.12'!S52 -> 0
A14: 참솔 | C14: ='학교별06.12'!C62 -> 0 | D14: ='학교별06.12'!D62 -> 0 | E14: ='학교별06.12'!E62 -> 0 | F14: ='학교별06.12'!F62 -> 0 | H14: 참솔 | I14: ='학교별06.12'!H62 -> 0 | J14: ='학교별06.12'!I62 -> 0 | K14: ='학교별06.12'!J62 -> 0 | L14: ='학교별06.12'!K62 -> 2 | M14: ='학교별06.12'!L62 -> 3 | N14: ='학교별06.12'!M62 -> 0 | O14: ='학교별06.12'!N62 -> 3 | P14: ='학교별06.12'!O62 -> 1 | ... T14: ='학교별06.12'!S62 -> 0

Sheet 학교별06.19
A1: 6/19(금) 해남군공공급식 (6/22~6/26 발주량) | C1: 유기농 백미 ( ) | E1: 유기농 찹쌀 ( ) | H1: 유기농 찹쌀현미 ( ) | I1: 유기농 현미 ( ) | J1: 유기농 귀리 ( ) | K1: 유기농 보리 ( ) | L1: 유기농 기장 ( ) | M1: 유기농 흑미 ( ) | N1: 유기농 차조 ( ) | O1: 유기농 발아현미 ( ) | P1: 유기농 수수 ( ) | Q1: 유기농 쥐눈이콩 ( ) | R1: 유기농 팥 ( ) | S1: 유기농 서리태 ( )
C2: 10kg | D2: 1kg | E2: 10kg | F2: 1kg | H2: 1kg | I2: 1kg | J2: 1kg | K2: 1kg | L2: 1kg | M2: 1kg | N2: 1kg | O2: 1kg | P2: 1kg | Q2: 1kg | R2: 1kg | S2: 1kg
A3: 업체 | B3: 품목별 소계 | C3: =C22+C43+C52+C62 -> 77 | D3: =D22+D43+D52+D62 -> 0 | E3: =E22+E43+E52+E62 -> 3 | F3: =F22+F43+F52+F62 -> 34 | H3: =H22+H43+H52+H62 -> 1 | I3: =I22+I43+I52+I62 -> 0 | J3: =J22+J43+J52+J62 -> 3 | K3: =K22+K43+K52+K62 -> 5 | L3: =L22+L43+L52+L62 -> 4 | M3: =M22+M43+M52+M62 -> 3 | N3: =N22+N43+N52+N62 -> 4 | O3: =O22+O43+O52+O62 -> 4 | ... S3: =S22+S43+S52+S62 -> 0 | T3: =D3*10 -> 0 | U3: =F3*10+E3 -> 343 | V3: =SUM(H3:Q3) -> 24 | W3: =SUM(T3:V3) -> 367
A4: 싱싱 유통 | B4: 두륜중학교 | C4: 3 | F4: 8
B5: 마산초등학교 | F5: 5
B6: 북일초등학교
B7: 북평중학교 | C7: 4
B8: 북평초등학교 | C8: 1 | F8: 5
B9: 산이서초등학교
B10: 산이중학교
B11: 산이초등학교
B12: 우수영중학교 | O12: 1
B13: 우수영초등학교 | N13: 1
B14: 해남고등학교 | C14: 50
B15: 현산중학교
B16: 현산초등학교 | F16: 6
B17: 화원고등학교 | C17: 4 | E17: 2
B18: 화원중학교
B19: 화원초등학교 | F19: 2
B20: 황산중학교 | F20: 3 | H20: 1
B21: 황산초등학교 | F21: 5
C22: =SUM(C4:C21) -> 62 | D22: =SUM(D4:D21) -> 0 | E22: =SUM(E4:E21) -> 2 | F22: =SUM(F4:F21) -> 34 | H22: =SUM(H4:H21) -> 1 | I22: =SUM(I4:I21) -> 0 | J22: =SUM(J4:J21) -> 0 | K22: =SUM(K4:K21) -> 0 | L22: =SUM(L4:L21) -> 0 | M22: =SUM(M4:M21) -> 0 | N22: =SUM(N4:N21) -> 1 | O22: =SUM(O4:O21) -> 1 | ... S22: =SUM(S4:S21) -> 0
A23: 공공 급식 센터 | B23: 공립시등어린이집 | C23: 3
B24: 공립한듬어린이집
B25: 공립화원어린이집
B26: 공립해남어린이집 | C26: 2 | L26: 1
B27: 공립해담어린이집
B28: 동심어린이집
B29: 리틀어린이집
B30: 미래클유치원 | L30: 1
B31: 벧엘특수어린이집 | C31: 2
B32: 산이어린이집 | C32: 1 | E32: 1
B33: 색동어린이집 | C33: 2
B34: 서림어린이집
B35: 신생어린이집
B36: 아트빌어린이집
B37: 예닮어린이집
B38: 예찬어린이집 | C38: 2
B39: 원광유치원
B40: 천진어린이집 | C40: 3
B41: 해남원광어린이집
B42: 화산어린이집
C43: =SUM(C23:C42) -> 15 | D43: =SUM(D23:D42) -> 0 | E43: =SUM(E23:E42) -> 1 | F43: =SUM(F23:F42) -> 0 | H43: =SUM(H23:H42) -> 0 | I43: =SUM(I23:I42) -> 0 | J43: =SUM(J23:J42) -> 0 | K43: =SUM(K23:K42) -> 0 | L43: =SUM(L23:L42) -> 2 | M43: =SUM(M23:M42) -> 0 | N43: =SUM(N23:N42) -> 0 | O43: =SUM(O23:O42) -> 0 | ... S43: =SUM(S23:S42) -> 0
A44: 땅끝 농협 | B44: 서정초등학교
B45: 송지고등학교
B46: 송지중학교 | K46: 2 | N46: 1
B47: 송지초등학교 | J47: 1
B48: 송호초등학교
B49: 어란진초등학교
B50: 해남공업고등학교 | K50: 3 | M50: 3
B51: 해남제일중학교
C52: =SUM(C44:C51) -> 0 | D52: =SUM(D44:D51) -> 0 | E52: =SUM(E44:E51) -> 0 | F52: =SUM(F44:F51) -> 0 | H52: =SUM(H44:H51) -> 0 | I52: =SUM(I44:I51) -> 0 | J52: =SUM(J44:J51) -> 1 | K52: =SUM(K44:K51) -> 5 | L52: =SUM(L44:L51) -> 0 | M52: =SUM(M44:M51) -> 3 | N52: =SUM(N44:N51) -> 1 | O52: =SUM(O44:O51) -> 0 | ... S52: =SUM(S44:S51) -> 0
A53: 참솔 | B53: 계곡초등학교
B54: 삼산초등학교
B55: 옥천초등학교
B56: 해남동초등학교 | L56: 2 | N56: 2 | O56: 2
B57: 해남서초등학교 | O57: 1
B58: 해남중학교 | J58: 2
B59: 해오름유치원
B60: 화산중학교
B61: 화산초등학교
C62: =SUM(C53:C61) -> 0 | D62: =SUM(D53:D61) -> 0 | E62: =SUM(E53:E61) -> 0 | F62: =SUM(F53:F61) -> 0 | H62: =SUM(H53:H61) -> 0 | I62: =SUM(I53:I61) -> 0 | J62: =SUM(J53:J61) -> 2 | K62: =SUM(K53:K61) -> 0 | L62: =SUM(L53:L61) -> 2 | M62: =SUM(M53:M61) -> 0 | N62: =SUM(N53:N61) -> 2 | O62: =SUM(O53:O61) -> 3 | ... S62: =SUM(S53:S61) -> 0
A64: 단가 | C64: 47000 | D64: 4700 | E64: 58000 | F64: 5800 | H64: 5800 | I64: 4700 | J64: 6800 | K64: 5200 | L64: 20700 | M64: 6400 | N64: 18700 | O64: 8800 | P64: 15000 | Q64: 18700 | R64: 25700 | S64: 18000 | U64: =P67*0.85 -> 3616240 | Y64: =P69-P67 -> 0
A65: 금액 | C65: =C64*C3 -> 3619000 | D65: =D64*D3 -> 0 | E65: =E64*E3 -> 174000 | F65: =F64*F3 -> 197200 | H65: =H64*H3 -> 5800 | I65: =I64*I3 -> 0 | J65: =J64*J3 -> 20400 | K65: =K64*K3 -> 26000 | L65: =L64*L3 -> 82800 | M65: =M64*M3 -> 19200 | N65: =N64*N3 -> 74800 | O65: =O64*O3 -> 35200 | ... S65: =S64*S3 -> 0
P67: =SUM(C65:S65) -> 4254400
P69: 4254400 | U69: =P69*0.85 -> 3616240
C74: =C64*0.85 -> 39950 | D74: =D64*0.85 -> 3995 | E74: =E64*0.85 -> 49300 | F74: =F64*0.85 -> 4930 | H74: =H64*0.85 -> 4930 | I74: =I64*0.85 -> 3995 | J74: =J64*0.85 -> 5780 | K74: =K64*0.85 -> 4420 | L74: =L64*0.85 -> 17595 | M74: =M64*0.85 -> 5440 | N74: =N64*0.85 -> 15895 | O74: =O64*0.85 -> 7480 | ... S74: =S64*0.85 -> 15300
C75: 29500 | D75: 2950 | E75: 51000 | F75: 5100 | H75: 3600 | I75: 2950 | J75: 4000 | K75: 4200 | L75: 15000 | M75: 4500 | N75: 9500 | O75: 12000 | P75: 8000 | Q75: 12000 | R75: 8500
C76: =C74-C75 -> 10450 | D76: =D74-D75 -> 1045 | E76: =E74-E75 -> -1700 | F76: =F74-F75 -> -170 | H76: =H74-H75 -> 1330 | I76: =I74-I75 -> 1045 | J76: =J74-J75 -> 1780 | K76: =K74-K75 -> 220 | L76: =L74-L75 -> 2595 | M76: =M74-M75 -> 940 | N76: =N74-N75 -> 6395 | O76: =O74-O75 -> -4520 | ... R76: =R74-R75 -> 13345
C77: =C76*C3 -> 804650 | D77: =D76*D3 -> 0 | E77: =E76*E3 -> -5100 | F77: =F76*F3 -> -5780 | G77: =G76*G3 -> 0 | H77: =H76*H3 -> 1330 | I77: =I76*I3 -> 0 | J77: =J76*J3 -> 5340 | ... R77: =R76*R3 -> 0
P79: =SUM(C77:R77) -> 822240

Sheet 공장동06.19
A1: 26/06/19 (금) | C1: 유기농 백미 천지향5세 ( ) | E1: 유기농 찹쌀 ( ) | G1: 유기농 찹쌀현미 ( ) | H1: 유기농 현미 ( ) | I1: 유기농 귀리 (박태일) | J1: 유기농 보리 (김종원) | K1: 유기농 기장 (박태일) | L1: 유기농 흑미 (오점기) | M1: 유기농 차조 (임정옥) | N1: 유기농 발아현미 (박오주) | O1: 유기농 수수 (윤영식) | P1: 유기농 쥐눈이콩 (신승철) | Q1: 유기농 팥 (신승철) | R1: 유기농 서리태 ( )
A2: 농가명
A3: 포장지
A4: 중량 | C4: 10kg | D4: 1kg | E4: 10kg | F4: 1kg | G4: 1kg | H4: 1kg | I4: 1kg | J4: 1kg | K4: 1kg | L4: 1kg | M4: 1kg | N4: 1kg | O4: 1kg | P4: 1kg | Q4: 1kg | R4: 1kg
A5: 소계 | C5: =SUM(C6:C12) -> 27 | D5: =SUM(D6:D12) -> 0 | E5: =SUM(E6:E12) -> 3 | F5: =SUM(F6:F12) -> 34 | G5: =SUM(G6:G12) -> 1 | I5: =SUM(I6:I12) -> 3 | J5: =SUM(J6:J12) -> 5 | K5: =SUM(K6:K12) -> 4 | L5: =SUM(L6:L12) -> 3 | M5: =SUM(M6:M12) -> 4 | N5: =SUM(N6:N12) -> 4 | O5: =SUM(O6:O12) -> 0 | P5: =SUM(P6:P12) -> 0 | ... R5: =SUM(R6:R12) -> 0
A6: (발주처) | B6: (수령인)
A7: 해남급식 | B7: 싱싱유통 | C7: ='학교별06.19'!C22 -> 62 | D7: ='학교별06.19'!D22 -> 0 | E7: ='학교별06.19'!E22 -> 2 | F7: ='학교별06.19'!F22 -> 34
A8: 해남급식 | B8: 급식센터 | C8: ='학교별06.19'!C43 -> 15 | D8: ='학교별06.19'!D43 -> 0 | E8: ='학교별06.19'!E43 -> 1 | F8: ='학교별06.19'!F43 -> 0 | G8: ='학교별06.19'!H3 -> 1 | H8: ='학교별06.19'!I3 -> 0 | I8: ='학교별06.19'!J3 -> 3 | J8: ='학교별06.19'!K3 -> 5 | K8: ='학교별06.19'!L3 -> 4 | L8: ='학교별06.19'!M3 -> 3 | M8: ='학교별06.19'!N3 -> 4 | N8: ='학교별06.19'!O3 -> 4 | ... R8: ='학교별06.19'!S3 -> 0
A9: 해남급식 | B9: 땅끝농협 | C9: ='학교별06.19'!C52 -> 0 | D9: ='학교별06.19'!D52 -> 0 | E9: ='학교별06.19'!E52 -> 0 | F9: ='학교별06.19'!F52 -> 0
A10: 해남급식 | B10: 참솔 | C10: ='학교별06.19'!C62 -> 0 | D10: ='학교별06.19'!D62 -> 0 | E10: ='학교별06.19'!E62 -> 0 | F10: ='학교별06.19'!F62 -> 0
A12: 해남고등학교 | B12: 보관요청 | C12: -50
C14: 47000 | D14: 4700 | E14: 58000 | F14: 5800 | G14: 5800 | H14: 4700 | I14: 6800 | J14: 5200 | K14: 20700 | L14: 6400 | M14: 18700 | N14: 8800 | O14: 15000 | P14: 18700 | Q14: 25700 | R14: 18000
C15: =C14*C5 -> 1269000 | D15: =D14*D5 -> 0 | E15: =E14*E5 -> 174000 | F15: =F14*F5 -> 197200 | G15: =G14*G5 -> 5800 | H15: =H14*H5 -> 0 | I15: =I14*I5 -> 20400 | J15: =J14*J5 -> 26000 | ... R15: =R14*R5 -> 0
R17: =SUM(C15:R15) -> 1904400
